feature,importance,omics_layer,gene_name
PROT_RASAL3,1.5023775897625393,Proteomics,RASAL3
PROT_RNMT,1.3255955527397547,Proteomics,RNMT
PROT_HMX3,1.1811655484125088,Proteomics,HMX3
PROT_C1orf27,1.0680120663964114,Proteomics,C1orf27
SCNA_LEPR,1.0264169832845258,Genomics (CNV),LEPR
PROT_JUND,0.973026032973444,Proteomics,JUND
PROT_SEPT1,0.9531277109095108,Proteomics,SEPT1
PROT_PTK2B,0.7084628046686196,Proteomics,PTK2B
RNA_RASA4CP,0.7029395907411388,Transcriptomics,RASA4CP
RNA_INMT,0.6598284041521504,Transcriptomics,INMT
PROT_PLS1,0.6521500204623444,Proteomics,PLS1
PROT_MAP2K2,0.6511725254829771,Proteomics,MAP2K2
PROT_CDK7,0.6153473649647122,Proteomics,CDK7
RNA_CMBL,0.5479121691777457,Transcriptomics,CMBL
PROT_RBM3,0.5461599918073148,Proteomics,RBM3
SCNA_SCGB1B2P,0.5237048624596087,Genomics (CNV),SCGB1B2P
RNA_PRRG2,0.4975720604719273,Transcriptomics,PRRG2
PROT_GNG10,0.47214296897191366,Proteomics,GNG10
PROT_OGDHL,0.44504200324675647,Proteomics,OGDHL
RNA_RAVER2,0.41465106852981537,Transcriptomics,RAVER2
RNA_PRR15L,0.3676394614993474,Transcriptomics,PRR15L
PROT_KRT17,0.3622332598599846,Proteomics,KRT17
PROT_GSK3A,0.3529970571535145,Proteomics,GSK3A
RNA_USP38,0.3489185713754007,Transcriptomics,USP38
RNA_GINS4,0.33119612909407675,Transcriptomics,GINS4
RNA_MTCL1,0.3201357322687311,Transcriptomics,MTCL1
RNA_SH3RF1,0.3188252754182074,Transcriptomics,SH3RF1
RNA_PIM3,0.2859061393307523,Transcriptomics,PIM3
RNA_RIMKLB,0.28536425292825424,Transcriptomics,RIMKLB
PROT_TRMT61B,0.28055420285957267,Proteomics,TRMT61B
PROT_LNPEP,0.27189060026942724,Proteomics,LNPEP
PROT_STXBP1,0.25596409387255087,Proteomics,STXBP1
PROT_CRELD1,0.24234077092229406,Proteomics,CRELD1
PROT_NISCH,0.22746351789323577,Proteomics,NISCH
RNA_ZNF528,0.2245524384172601,Transcriptomics,ZNF528
RNA_CXCL3,0.21285594052878568,Transcriptomics,CXCL3
RNA_TMEM170A,0.2106117574037787,Transcriptomics,TMEM170A
PROT_MORC3,0.17787690404478548,Proteomics,MORC3
PROT_ATP9A,0.15142441850284943,Proteomics,ATP9A
RNA_CLCN3,0.1475635681102092,Transcriptomics,CLCN3
RNA_DZIP1,0.12857275195538503,Transcriptomics,DZIP1
PROT_GOLGA2,0.1278877130478143,Proteomics,GOLGA2
PROT_PYGB,0.11451366486497758,Proteomics,PYGB
SCNA_NEGR1,0.11446777297381493,Genomics (CNV),NEGR1
PROT_NRP1,0.11303274906686987,Proteomics,NRP1
SCNA_LEPROT,0.10339703635243294,Genomics (CNV),LEPROT
PROT_C1orf198,0.09958932390810284,Proteomics,C1orf198
RNA_TMPRSS4,0.08981529382427791,Transcriptomics,TMPRSS4
RNA_NRIP2,0.08716252869695941,Transcriptomics,NRIP2
RNA_TNS1,0.08100349185762691,Transcriptomics,TNS1
RNA_TGFB3,0.08041043017104615,Transcriptomics,TGFB3
PROT_CMBL,0.07271885302908546,Proteomics,CMBL
PROT_CLCC1,0.06897388332013506,Proteomics,CLCC1
PROT_ZNF330,0.06228612359938715,Proteomics,ZNF330
RNA_FAM26E,0.04937935587875996,Transcriptomics,FAM26E
PROT_ESYT1,0.046397643868357104,Proteomics,ESYT1
RNA_CASP5,0.045084624178897,Transcriptomics,CASP5
PROT_CD38,0.04364187385753966,Proteomics,CD38
PROT_DAB2IP,0.042717136013089074,Proteomics,DAB2IP
PROT_STK38L,0.030597447453761844,Proteomics,STK38L
RNA_GAS7,0.029440292327651413,Transcriptomics,GAS7
RNA_ABCC9,0.026536211336916242,Transcriptomics,ABCC9
RNA_MPDZ,0.026224903758312625,Transcriptomics,MPDZ
PROT_CDH1,0.024300398383006197,Proteomics,CDH1
PROT_ARHGAP26,0.023519867569330454,Proteomics,ARHGAP26
PROT_ATP8A1,0.022469230592123062,Proteomics,ATP8A1
RNA_LHFP,0.021104002317237407,Transcriptomics,LHFP
SCNA_SLC6A17,0.02009620473959565,Genomics (CNV),SLC6A17
PROT_BMP2K,0.018332598812744284,Proteomics,BMP2K
RNA_IL11RA,0.017404076058902564,Transcriptomics,IL11RA
RNA_PTRF,0.016328852760921966,Transcriptomics,PTRF
PROT_CASP1,0.0,Proteomics,CASP1
RNA_ISLR,0.0,Transcriptomics,ISLR
RNA_GNAL,0.0,Transcriptomics,GNAL
RNA_FKBP14,0.0,Transcriptomics,FKBP14
RNA_FGFR1,0.0,Transcriptomics,FGFR1
RNA_DLG4,0.0,Transcriptomics,DLG4
RNA_DLAT,0.0,Transcriptomics,DLAT
RNA_DPYSL3,0.0,Transcriptomics,DPYSL3
RNA_EML1,0.0,Transcriptomics,EML1
RNA_CYBRD1,0.0,Transcriptomics,CYBRD1
PROT_TROVE2,0.0,Proteomics,TROVE2
RNA_AMIGO2,0.0,Transcriptomics,AMIGO2
PROT_RDH14,0.0,Proteomics,RDH14
PROT_THBS2,0.0,Proteomics,THBS2
RNA_ANTXR1,0.0,Transcriptomics,ANTXR1
PROT_PRR15L,0.0,Proteomics,PRR15L
PROT_PSMB5,0.0,Proteomics,PSMB5
PROT_HTATSF1,0.0,Proteomics,HTATSF1
PROT_GOSR1,0.0,Proteomics,GOSR1
PROT_DCUN1D3,0.0,Proteomics,DCUN1D3
PROT_MET,0.0,Proteomics,MET
PROT_NRP2,0.0,Proteomics,NRP2
PROT_PLTP,0.0,Proteomics,PLTP
PROT_EIF3G,0.0,Proteomics,EIF3G
RNA_MRPL37,0.0,Transcriptomics,MRPL37
RNA_NREP,0.0,Transcriptomics,NREP
RNA_PKD2,0.0,Transcriptomics,PKD2
RNA_MITF,0.0,Transcriptomics,MITF
RNA_JAM3,0.0,Transcriptomics,JAM3
RNA_STON1,0.0,Transcriptomics,STON1
RNA_SLC24A3,0.0,Transcriptomics,SLC24A3
RNA_TRIM15,0.0,Transcriptomics,TRIM15
RNA_LDOC1,0.0,Transcriptomics,LDOC1
SCNA_GUCA2B,0.0,Genomics (CNV),GUCA2B
SCNA_HS2ST1,0.0,Genomics (CNV),HS2ST1
SCNA_PKN2,0.0,Genomics (CNV),PKN2
SCNA_RP11-76N22.2,0.0,Genomics (CNV),RP11-76N22.2
SCNA_CCBL2,0.0,Genomics (CNV),CCBL2
SCNA_RBMXL1,0.0,Genomics (CNV),RBMXL1
SCNA_GBP2,0.0,Genomics (CNV),GBP2
SCNA_GTF2B,0.0,Genomics (CNV),GTF2B
SCNA_GBP4,0.0,Genomics (CNV),GBP4
SCNA_GBP5,0.0,Genomics (CNV),GBP5
SCNA_LOC729930,0.0,Genomics (CNV),LOC729930
SCNA_GBP6,0.0,Genomics (CNV),GBP6
SCNA_GBP1P1,0.0,Genomics (CNV),GBP1P1
SCNA_LRRC8B,0.0,Genomics (CNV),LRRC8B
SCNA_FLJ27354,0.0,Genomics (CNV),FLJ27354
SCNA_GBP7,0.0,Genomics (CNV),GBP7
SCNA_LRRC8C,0.0,Genomics (CNV),LRRC8C
SCNA_LINC01057,0.0,Genomics (CNV),LINC01057
SCNA_CNN3,0.0,Genomics (CNV),CNN3
SCNA_SLC44A3,0.0,Genomics (CNV),SLC44A3
SCNA_ALG14,0.0,Genomics (CNV),ALG14
SCNA_TMEM56,0.0,Genomics (CNV),TMEM56
SCNA_TMEM56-RWDD3,0.0,Genomics (CNV),TMEM56-RWDD3
SCNA_RP4-639F20.1,0.0,Genomics (CNV),RP4-639F20.1
SCNA_RWDD3,0.0,Genomics (CNV),RWDD3
SCNA_FLJ31662,0.0,Genomics (CNV),FLJ31662
SCNA_RP11-286B14.1,0.0,Genomics (CNV),RP11-286B14.1
SCNA_RP5-898J17.1,0.0,Genomics (CNV),RP5-898J17.1
SCNA_KCNC4-AS1,0.0,Genomics (CNV),KCNC4-AS1
SCNA_KCNC4,0.0,Genomics (CNV),KCNC4
SCNA_RP5-1074L1.1,0.0,Genomics (CNV),RP5-1074L1.1
RNA_KLHL42,0.0,Transcriptomics,KLHL42
SCNA_RBM15,0.0,Genomics (CNV),RBM15
SCNA_SLC16A4,0.0,Genomics (CNV),SLC16A4
SCNA_LAMTOR5-AS1,0.0,Genomics (CNV),LAMTOR5-AS1
SCNA_LAMTOR5,0.0,Genomics (CNV),LAMTOR5
SCNA_LRIF1,0.0,Genomics (CNV),LRIF1
SCNA_LINC01160,0.0,Genomics (CNV),LINC01160
SCNA_RAP1A,0.0,Genomics (CNV),RAP1A
SCNA_CD53,0.0,Genomics (CNV),CD53
SCNA_ATP1A1,0.0,Genomics (CNV),ATP1A1
SCNA_ATP1A1OS,0.0,Genomics (CNV),ATP1A1OS
SCNA_MIR320B1,0.0,Genomics (CNV),MIR320B1
SCNA_IGSF3,0.0,Genomics (CNV),IGSF3
SCNA_C1orf137,0.0,Genomics (CNV),C1orf137
SCNA_MAB21L2,0.0,Genomics (CNV),MAB21L2
MUT_ADAM28,0.0,Genomics (Mutation),ADAM28
MUT_AHNAK,0.0,Genomics (Mutation),AHNAK
MUT_ANKRD62,0.0,Genomics (Mutation),ANKRD62
MUT_BCL9L,0.0,Genomics (Mutation),BCL9L
MUT_CBARP,0.0,Genomics (Mutation),CBARP
MUT_CHRNA10,0.0,Genomics (Mutation),CHRNA10
MUT_COL22A1,0.0,Genomics (Mutation),COL22A1
MUT_COL4A6,0.0,Genomics (Mutation),COL4A6
MUT_CUEDC1,0.0,Genomics (Mutation),CUEDC1
MUT_DAZAP1,0.0,Genomics (Mutation),DAZAP1
MUT_FEZF1,0.0,Genomics (Mutation),FEZF1
MUT_FXR1,0.0,Genomics (Mutation),FXR1
MUT_GRK4,0.0,Genomics (Mutation),GRK4
MUT_HPS3,0.0,Genomics (Mutation),HPS3
MUT_IGFALS,0.0,Genomics (Mutation),IGFALS
MUT_LAMC3,0.0,Genomics (Mutation),LAMC3
MUT_LPIN3,0.0,Genomics (Mutation),LPIN3
MUT_LRPPRC,0.0,Genomics (Mutation),LRPPRC
MUT_LRRK1,0.0,Genomics (Mutation),LRRK1
MUT_MFSD7,0.0,Genomics (Mutation),MFSD7
MUT_MTMR3,0.0,Genomics (Mutation),MTMR3
MUT_NPAP1,0.0,Genomics (Mutation),NPAP1
MUT_NPAS2,0.0,Genomics (Mutation),NPAS2
MUT_NPTXR,0.0,Genomics (Mutation),NPTXR
MUT_NUP188,0.0,Genomics (Mutation),NUP188
MUT_NUTM1,0.0,Genomics (Mutation),NUTM1
MUT_PHTF2,0.0,Genomics (Mutation),PHTF2
MUT_PLEKHH1,0.0,Genomics (Mutation),PLEKHH1
MUT_POTEJ,0.0,Genomics (Mutation),POTEJ
MUT_PRPF4B,0.0,Genomics (Mutation),PRPF4B
MUT_PRTG,0.0,Genomics (Mutation),PRTG
MUT_RBP3,0.0,Genomics (Mutation),RBP3
MUT_RELN,0.0,Genomics (Mutation),RELN
MUT_REV3L,0.0,Genomics (Mutation),REV3L
MUT_RYR1,0.0,Genomics (Mutation),RYR1
MUT_SASS6,0.0,Genomics (Mutation),SASS6
MUT_SHC1,0.0,Genomics (Mutation),SHC1
MUT_SIGLEC6,0.0,Genomics (Mutation),SIGLEC6
MUT_SLC8A2,0.0,Genomics (Mutation),SLC8A2
MUT_SLFN12L,0.0,Genomics (Mutation),SLFN12L
MUT_SP140,0.0,Genomics (Mutation),SP140
MUT_SSRP1,0.0,Genomics (Mutation),SSRP1
MUT_TBX2,0.0,Genomics (Mutation),TBX2
MUT_TGIF1,0.0,Genomics (Mutation),TGIF1
MUT_TNNI3K,0.0,Genomics (Mutation),TNNI3K
MUT_TNRC6C,0.0,Genomics (Mutation),TNRC6C
MUT_TP53BP1,0.0,Genomics (Mutation),TP53BP1
MUT_VPS41,0.0,Genomics (Mutation),VPS41
MUT_ZNF318,0.0,Genomics (Mutation),ZNF318
MUT_ZNF7,0.0,Genomics (Mutation),ZNF7
