gene_name,importance,omics_layer
LAMC3,0.044757891232968264,Genomics (Mutation)
RELN,0.0434033093883061,Genomics (Mutation)
RASAL3,0.04225694905137362,Proteomics
AHNAK,0.03938793570985711,Genomics (Mutation)
RYR1,0.030351426826792528,Genomics (Mutation)
NPAP1,0.029964866644505903,Genomics (Mutation)
GSK3A,0.026875241769408812,Proteomics
PLS1,0.026165798082968414,Proteomics
FXR1,0.025689466754288313,Genomics (Mutation)
COL22A1,0.025510388891293936,Genomics (Mutation)
ZNF318,0.02196764011865146,Genomics (Mutation)
SEPT1,0.02167029720631673,Proteomics
IGFALS,0.02099404574079708,Genomics (Mutation)
PLEKHH1,0.020876836445717507,Genomics (Mutation)
C1orf27,0.020590733954122694,Proteomics
RBP3,0.019359211540597755,Genomics (Mutation)
RNMT,0.019331462705210564,Proteomics
STK38L,0.018626546626914268,Proteomics
SP140,0.018417024989378188,Genomics (Mutation)
NUTM1,0.01790936345231294,Genomics (Mutation)
KRT17,0.017825141235176492,Proteomics
SASS6,0.01742863366728941,Genomics (Mutation)
COL4A6,0.016130888364225653,Genomics (Mutation)
VPS41,0.016046912819453116,Genomics (Mutation)
PTK2B,0.015680856513655993,Proteomics
ANKRD62,0.01460569555704409,Genomics (Mutation)
HMX3,0.01394833784266559,Proteomics
HPS3,0.013746550193739816,Genomics (Mutation)
CDK7,0.013734865362580012,Proteomics
CRELD1,0.013730770316606723,Proteomics
C1orf198,0.013665214751864378,Proteomics
LRPPRC,0.01315776438855672,Genomics (Mutation)
NRP1,0.013140796868401309,Proteomics
SIGLEC6,0.01293010420055154,Genomics (Mutation)
TP53BP1,0.01242011689610326,Genomics (Mutation)
JUND,0.012168099019217823,Proteomics
PSMB5,0.011968841875489376,Proteomics
TRMT61B,0.010724522698103586,Proteomics
LRRK1,0.010644110291475594,Genomics (Mutation)
SHC1,0.010379180948637412,Genomics (Mutation)
CLCC1,0.010339870773203044,Proteomics
TBX2,0.010067763246994398,Genomics (Mutation)
GNG10,0.00943562042808378,Proteomics
CD38,0.00891354803375931,Proteomics
LNPEP,0.00887032499939531,Proteomics
NPTXR,0.008724610407988888,Genomics (Mutation)
RBM3,0.008583052679772085,Proteomics
MAP2K2,0.008447145080133002,Proteomics
PLTP,0.00841969887395423,Proteomics
PHTF2,0.008395969615285236,Genomics (Mutation)
ADAM28,0.008373754132348287,Genomics (Mutation)
CMBL,0.00835607276665183,Proteomics
STXBP1,0.008274166773436507,Proteomics
CBARP,0.00820387712307419,Genomics (Mutation)
DCUN1D3,0.008140876658335164,Proteomics
NISCH,0.008112116242486273,Proteomics
SLFN12L,0.007908428508107069,Genomics (Mutation)
GOLGA2,0.007622817025635051,Proteomics
PYGB,0.007592744676047606,Proteomics
ARHGAP26,0.007359738043800981,Proteomics
DAB2IP,0.007028774474862839,Proteomics
REV3L,0.007026794078177318,Genomics (Mutation)
HTATSF1,0.006995535290023195,Proteomics
ESYT1,0.006976038327120383,Proteomics
TROVE2,0.0069456068480203215,Proteomics
TNRC6C,0.006902249581006922,Genomics (Mutation)
CASP1,0.006754926004349913,Proteomics
ATP8A1,0.006533256312000554,Proteomics
PRR15L,0.006244888379483109,Proteomics
NRP2,0.005990810385236803,Proteomics
NPAS2,0.005772250513358643,Genomics (Mutation)
TGIF1,0.005457552785932265,Genomics (Mutation)
MORC3,0.005415139868006586,Proteomics
GOSR1,0.005394447849811105,Proteomics
PRPF4B,0.005389755262518398,Genomics (Mutation)
RDH14,0.0053571132478818055,Proteomics
ATP9A,0.0052820668121052435,Proteomics
OGDHL,0.005258024385814875,Proteomics
THBS2,0.005096651520014092,Proteomics
MET,0.0048415083843282025,Proteomics
BMP2K,0.004591628660705641,Proteomics
FEZF1,0.004565658956117588,Genomics (Mutation)
LPIN3,0.0045119239560329205,Genomics (Mutation)
EIF3G,0.004487583518419542,Proteomics
BCL9L,0.004088412659470472,Genomics (Mutation)
ZNF330,0.003859484665829838,Proteomics
CDH1,0.0037140831999468277,Proteomics
DAZAP1,0.0034700297040716316,Genomics (Mutation)
CHRNA10,0.0031607862873319556,Genomics (Mutation)
TNNI3K,0.0031336253184875316,Genomics (Mutation)
SLC8A2,0.0023106716053941947,Genomics (Mutation)
CUEDC1,0.002184242846393765,Genomics (Mutation)
SSRP1,0.0020034203946153887,Genomics (Mutation)
MTMR3,0.0017797666354908827,Genomics (Mutation)
GRK4,0.0015984429370474082,Genomics (Mutation)
NUP188,0.0012789395341190866,Genomics (Mutation)
PRTG,0.001258701076089348,Genomics (Mutation)
POTEJ,0.0011487016513007965,Genomics (Mutation)
ZNF7,0.0009189451173776029,Genomics (Mutation)
MFSD7,0.0005832339510779153,Genomics (Mutation)
