Gene_set,Term,Overlap,P-value,Adjusted P-value,Old P-value,Old Adjusted P-value,Odds Ratio,Combined Score,Genes
KEGG_2021_Human,ECM-receptor interaction,3/88,0.00030664150387906924,0.0125723016590418,0,0,25.99346405228758,210.28273733168717,RELN;LAMC3;COL4A6
Reactome_2022,RNA Pol II CTD Phosphorylation And Interaction With CE R-HSA-77075,2/27,0.0007458431753894333,0.0312151459771451,0,0,56.98571428571429,410.3538550694941,CDK7;RNMT
Reactome_2022,mRNA Capping R-HSA-72086,2/29,0.0008611074752315914,0.0312151459771451,0,0,52.75925925925926,372.337457949904,CDK7;RNMT
Reactome_2022,MET Promotes Cell Motility R-HSA-8875878,2/28,0.0008024678708939625,0.0312151459771451,0,0,54.79120879120879,390.5418048109173,LAMC3;RNMT
Reactome_2022,MET Activates PTK2 Signaling R-HSA-8874081,2/17,0.00029169286205301905,0.0312151459771451,0,0,95.02380952380952,773.4756743774749,LAMC3;RNMT
GO_Biological_Process_2021,"positive regulation of synaptic transmission, glutamatergic (GO:0051968)",2/18,0.00032784881716921787,0.0428389121101111,0,0,89.08035714285714,714.6879621205851,RELN;PTK2B
GO_Biological_Process_2021,regulation of cation channel activity (GO:2001257),3/89,0.00031701780928996323,0.0428389121101111,0,0,25.689922480620154,206.9722118819376,RELN;AHNAK;PTK2B
GO_Biological_Process_2021,positive regulation of excitatory postsynaptic potential (GO:2000463),2/18,0.00032784881716921787,0.0428389121101111,0,0,89.08035714285714,714.6879621205851,RELN;PTK2B
GO_Biological_Process_2021,protein phosphorylation (GO:0006468),5/496,0.0007845025732439589,0.0514038494722846,0,0,7.934419551934827,56.734755228564815,GSK3A;CDK7;RELN;STK38L;PTK2B
GO_Biological_Process_2021,7-methylguanosine mRNA capping (GO:0006370),2/32,0.0010490581524956,0.0514038494722846,0,0,47.47619047619048,325.6801394016241,CDK7;RNMT
GO_Biological_Process_2021,regulation of NMDA receptor activity (GO:2000310),2/32,0.0010490581524956,0.0514038494722846,0,0,47.47619047619048,325.6801394016241,RELN;PTK2B
GO_Biological_Process_2021,7-methylguanosine RNA capping (GO:0009452),2/32,0.0010490581524956,0.0514038494722846,0,0,47.47619047619048,325.6801394016241,CDK7;RNMT
GO_Biological_Process_2021,modulation of excitatory postsynaptic potential (GO:0098815),2/27,0.0007458431753894333,0.0514038494722846,0,0,56.98571428571429,410.3538550694941,RELN;PTK2B
Reactome_2022,Collagen Chain Trimerization R-HSA-8948216,2/44,0.0019785984341856,0.0573793545913839,0,0,33.89115646258504,210.9848716626915,COL22A1;COL4A6
KEGG_2021_Human,Focal adhesion,3/201,0.0033243119085999,0.0681483941262981,0,0,11.095398428731762,63.315808706645385,RELN;LAMC3;COL4A6
GO_Biological_Process_2021,phosphorylation (GO:0016310),4/400,0.0028621021424818,0.08196189663694,0,0,7.6045066045066045,44.53350328298273,GSK3A;CDK7;STK38L;PTK2B
GO_Biological_Process_2021,negative regulation of glycogen metabolic process (GO:0070874),1/7,0.0104543235506301,0.08196189663694,0,0,114.73563218390804,523.2793468811269,GSK3A
GO_Biological_Process_2021,release of sequestered calcium ion into cytosol by endoplasmic reticulum (GO:1903514),1/7,0.0104543235506301,0.08196189663694,0,0,114.73563218390804,523.2793468811269,RYR1
GO_Biological_Process_2021,response to alkaloid (GO:0043279),1/7,0.0104543235506301,0.08196189663694,0,0,114.73563218390804,523.2793468811269,RYR1
GO_Biological_Process_2021,response to caffeine (GO:0031000),1/7,0.0104543235506301,0.08196189663694,0,0,114.73563218390804,523.2793468811269,RYR1
GO_Biological_Process_2021,peptidyl-tyrosine modification (GO:0018212),2/56,0.0031852247621403,0.08196189663694,0,0,26.343915343915345,151.45729225683525,RELN;PTK2B
GO_Biological_Process_2021,regulation of neurotransmitter receptor activity (GO:0099601),2/58,0.0034125952701803,0.08196189663694,0,0,25.400510204081638,144.28206600498726,RELN;PTK2B
GO_Biological_Process_2021,extracellular structure organization (GO:0043062),3/216,0.0040678957353465,0.08196189663694,0,0,10.306207616066771,56.731853771272775,LAMC3;COL22A1;COL4A6
GO_Biological_Process_2021,external encapsulating structure organization (GO:0045229),3/217,0.0041207724576287,0.08196189663694,0,0,10.257528556593977,56.3314197801509,LAMC3;COL22A1;COL4A6
GO_Biological_Process_2021,peptidyl-tyrosine phosphorylation (GO:0018108),2/69,0.0047940362554891,0.08196189663694,0,0,21.218550106609808,113.31517536894962,RELN;PTK2B
GO_Biological_Process_2021,cell morphogenesis involved in differentiation (GO:0000904),2/72,0.0052086393816279,0.08196189663694,0,0,20.306122448979597,106.75815162079977,RELN;LAMC3
GO_Biological_Process_2021,positive regulation of synaptic transmission (GO:0050806),2/73,0.0053503916965906,0.08196189663694,0,0,20.019114688128774,104.7116911394514,RELN;PTK2B
GO_Biological_Process_2021,negative regulation of glycogen biosynthetic process (GO:0045719),1/6,0.008967337727522,0.08196189663694,0,0,137.68965517241378,649.0919521468393,GSK3A
GO_Biological_Process_2021,release of sequestered calcium ion into cytosol by sarcoplasmic reticulum (GO:0014808),1/6,0.008967337727522,0.08196189663694,0,0,137.68965517241378,649.0919521468393,RYR1
GO_Biological_Process_2021,cerebral cortex cell migration (GO:0021795),1/6,0.008967337727522,0.08196189663694,0,0,137.68965517241378,649.0919521468393,RELN
GO_Biological_Process_2021,extracellular matrix organization (GO:0030198),3/300,0.0100555146712055,0.08196189663694,0,0,7.359895248784138,33.8528249487408,LAMC3;COL22A1;COL4A6
GO_Biological_Process_2021,positive regulation of blood circulation (GO:1903524),1/7,0.0104543235506301,0.08196189663694,0,0,114.73563218390804,523.2793468811269,GSK3A
GO_Biological_Process_2021,regulation of NK T cell proliferation (GO:0051140),1/5,0.0074781928285412,0.08196189663694,0,0,172.1206896551724,842.6622961465415,RASAL3
GO_Biological_Process_2021,endothelin receptor signaling pathway (GO:0086100),1/5,0.0074781928285412,0.08196189663694,0,0,172.1206896551724,842.6622961465415,PTK2B
GO_Biological_Process_2021,regulation of peptidyl-tyrosine phosphorylation (GO:0050730),2/92,0.0083734484870981,0.08196189663694,0,0,15.77777777777778,75.46021169623046,RELN;PTK2B
GO_Biological_Process_2021,regulation of heart contraction (GO:0008016),2/93,0.0085495515929242,0.08196189663694,0,0,15.603610675039246,74.30246609423192,RYR1;GSK3A
GO_Biological_Process_2021,regulation of neuron projection development (GO:0010975),3/165,0.00190060588136,0.08196189663694,0,0,13.585733882030178,85.12253725861069,GSK3A;RELN;PTK2B
GO_Biological_Process_2021,"regulation of synaptic transmission, glutamatergic (GO:0051966)",2/46,0.0021607211003146,0.08196189663694,0,0,32.3474025974026,198.5261432195098,RELN;PTK2B
GO_Biological_Process_2021,positive regulation of cellular amide metabolic process (GO:0034250),2/81,0.0065475767330746,0.08196189663694,0,0,17.984629294755877,90.43859066502284,FXR1;GSK3A
GO_Biological_Process_2021,positive regulation of AMPA receptor activity (GO:2000969),1/5,0.0074781928285412,0.08196189663694,0,0,172.1206896551724,842.6622961465415,RELN
GO_Biological_Process_2021,activation of Janus kinase activity (GO:0042976),1/6,0.008967337727522,0.08196189663694,0,0,137.68965517241378,649.0919521468393,PTK2B
GO_Biological_Process_2021,negative regulation of cardiac muscle tissue growth (GO:0055022),1/6,0.008967337727522,0.08196189663694,0,0,137.68965517241378,649.0919521468393,GSK3A
GO_Biological_Process_2021,regulation of inositol trisphosphate biosynthetic process (GO:0032960),1/5,0.0074781928285412,0.08196189663694,0,0,172.1206896551724,842.6622961465415,PTK2B
GO_Biological_Process_2021,late endosome to lysosome transport (GO:1902774),1/5,0.0074781928285412,0.08196189663694,0,0,172.1206896551724,842.6622961465415,VPS41
GO_Biological_Process_2021,auditory receptor cell stereocilium organization (GO:0060088),1/5,0.0074781928285412,0.08196189663694,0,0,172.1206896551724,842.6622961465415,PLS1
GO_Biological_Process_2021,auditory receptor cell morphogenesis (GO:0002093),1/5,0.0074781928285412,0.08196189663694,0,0,172.1206896551724,842.6622961465415,PLS1
GO_Biological_Process_2021,regulation of adenylate cyclase-activating G protein-coupled receptor signaling pathway (GO:0106070),1/5,0.0074781928285412,0.08196189663694,0,0,172.1206896551724,842.6622961465415,GSK3A
GO_Biological_Process_2021,reelin-mediated signaling pathway (GO:0038026),1/5,0.0074781928285412,0.08196189663694,0,0,172.1206896551724,842.6622961465415,RELN
GO_Biological_Process_2021,marginal zone B cell differentiation (GO:0002315),1/7,0.0104543235506301,0.08196189663694,0,0,114.73563218390804,523.2793468811269,PTK2B
GO_Biological_Process_2021,collagen-activated tyrosine kinase receptor signaling pathway (GO:0038063),1/7,0.0104543235506301,0.08196189663694,0,0,114.73563218390804,523.2793468811269,COL4A6
GO_Biological_Process_2021,positive regulation of neuron projection development (GO:0010976),2/88,0.0076857751375322,0.08196189663694,0,0,16.514950166112957,80.40111986589167,RELN;PTK2B
GO_Biological_Process_2021,collagen fibril organization (GO:0030199),2/89,0.0078551724663544,0.08196189663694,0,0,16.324302134646963,79.11708604949641,COL22A1;COL4A6
GO_Biological_Process_2021,cellular response to caffeine (GO:0071313),1/7,0.0104543235506301,0.08196189663694,0,0,114.73563218390804,523.2793468811269,RYR1
GO_Biological_Process_2021,positive regulation of NK T cell activation (GO:0051135),1/7,0.0104543235506301,0.08196189663694,0,0,114.73563218390804,523.2793468811269,RASAL3
GO_Biological_Process_2021,regulation of glycogen (starch) synthase activity (GO:2000465),1/7,0.0104543235506301,0.08196189663694,0,0,114.73563218390804,523.2793468811269,GSK3A
GO_Biological_Process_2021,regulation of inositol phosphate biosynthetic process (GO:0010919),1/7,0.0104543235506301,0.08196189663694,0,0,114.73563218390804,523.2793468811269,PTK2B
GO_Biological_Process_2021,endothelial cell morphogenesis (GO:0001886),1/7,0.0104543235506301,0.08196189663694,0,0,114.73563218390804,523.2793468811269,COL22A1
Reactome_2022,Reelin Signaling Pathway R-HSA-8866376,1/5,0.0074781928285412,0.0838988659406878,0,0,172.1206896551724,842.6622961465415,RELN
Reactome_2022,Extracellular Matrix Organization R-HSA-1474244,3/291,0.0092578058969034,0.0838988659406878,0,0,7.593364197530864,35.55431959998182,LAMC3;COL22A1;COL4A6
Reactome_2022,MET Interacts With TNS Proteins R-HSA-8875513,1/5,0.0074781928285412,0.0838988659406878,0,0,172.1206896551724,842.6622961465415,RNMT
Reactome_2022,Collagen Formation R-HSA-1474290,2/90,0.0080262538558438,0.0838988659406878,0,0,16.13798701298701,77.86639055063492,COL22A1;COL4A6
Reactome_2022,Suppression Of Apoptosis R-HSA-9635465,1/6,0.008967337727522,0.0838988659406878,0,0,137.68965517241378,649.0919521468393,GSK3A
Reactome_2022,MET Receptor Activation R-HSA-6806942,1/6,0.008967337727522,0.0838988659406878,0,0,137.68965517241378,649.0919521468393,RNMT
Reactome_2022,Transcription Of HIV Genome R-HSA-167172,2/69,0.0047940362554891,0.0838988659406878,0,0,21.218550106609808,113.31517536894962,CDK7;RNMT
Reactome_2022,Signaling By MET R-HSA-6806834,2/63,0.0040132493415981,0.0838988659406878,0,0,23.31264637002342,128.64277412661008,LAMC3;RNMT
Reactome_2022,Collagen Biosynthesis And Modifying Enzymes R-HSA-1650814,2/67,0.0045265652607379,0.0838988659406878,0,0,21.87362637362637,118.06928211852814,COL22A1;COL4A6
Reactome_2022,MET Activates PTPN11 R-HSA-8865999,1/5,0.0074781928285412,0.0838988659406878,0,0,172.1206896551724,842.6622961465415,RNMT
Reactome_2022,MET Activates PI3K/AKT Signaling R-HSA-8851907,1/6,0.008967337727522,0.0838988659406878,0,0,137.68965517241378,649.0919521468393,RNMT
KEGG_2021_Human,Small cell lung cancer,2/92,0.0083734484870981,0.0852903535380192,0,0,15.77777777777778,75.46021169623046,LAMC3;COL4A6
KEGG_2021_Human,Protein digestion and absorption,2/103,0.0104012626265877,0.0852903535380192,0,0,14.051626591230551,64.15731117281341,COL22A1;COL4A6
KEGG_2021_Human,Amoebiasis,2/102,0.0102087472469366,0.0852903535380192,0,0,14.192857142857145,65.06730050963371,LAMC3;COL4A6
Reactome_2022,Retinoid Cycle In Cones (Daylight Vision) R-HSA-2187335,1/7,0.0104543235506301,0.0869285470786933,0,0,114.73563218390804,523.2793468811269,RBP3
Reactome_2022,PI3K/AKT Signaling In Cancer R-HSA-2219528,2/105,0.0107911299821826,0.0869285470786933,0,0,13.77739251040222,62.398234751169255,GSK3A;RNMT
GO_Biological_Process_2021,skeletal muscle fiber development (GO:0048741),1/9,0.0134218294793273,0.0871899003985676,0,0,86.04310344827586,370.92087702683546,RYR1
GO_Biological_Process_2021,bone resorption (GO:0045453),1/9,0.0134218294793273,0.0871899003985676,0,0,86.04310344827586,370.92087702683546,PTK2B
GO_Biological_Process_2021,regulation of macrophage migration (GO:1905521),1/10,0.0149023554252653,0.0871899003985676,0,0,76.47892720306514,321.6884165593148,PTK2B
GO_Biological_Process_2021,negative regulation of glucose import (GO:0046325),1/8,0.0119391531667426,0.0871899003985676,0,0,98.33990147783253,435.442406227662,GSK3A
GO_Biological_Process_2021,endosomal vesicle fusion (GO:0034058),1/8,0.0119391531667426,0.0871899003985676,0,0,98.33990147783253,435.442406227662,VPS41
GO_Biological_Process_2021,positive regulation of kinase activity (GO:0033674),2/114,0.0126243644355743,0.0871899003985676,0,0,12.66454081632653,55.37097637285885,RELN;PTK2B
GO_Biological_Process_2021,positive regulation of cell projection organization (GO:0031346),2/117,0.0132636991941307,0.0871899003985676,0,0,12.332298136645962,53.30912556036972,RELN;PTK2B
GO_Biological_Process_2021,sarcoplasmic reticulum calcium ion transport (GO:0070296),1/10,0.0149023554252653,0.0871899003985676,0,0,76.47892720306514,321.6884165593148,RYR1
GO_Biological_Process_2021,ionotropic glutamate receptor signaling pathway (GO:0035235),1/10,0.0149023554252653,0.0871899003985676,0,0,76.47892720306514,321.6884165593148,PTK2B
GO_Biological_Process_2021,collagen-activated signaling pathway (GO:0038065),1/9,0.0134218294793273,0.0871899003985676,0,0,86.04310344827586,370.92087702683546,COL4A6
GO_Biological_Process_2021,positive regulation of synapse maturation (GO:0090129),1/9,0.0134218294793273,0.0871899003985676,0,0,86.04310344827586,370.92087702683546,RELN
GO_Biological_Process_2021,phosphorylation of RNA polymerase II C-terminal domain (GO:0070816),1/9,0.0134218294793273,0.0871899003985676,0,0,86.04310344827586,370.92087702683546,CDK7
GO_Biological_Process_2021,positive regulation of dendritic spine morphogenesis (GO:0061003),1/10,0.0149023554252653,0.0871899003985676,0,0,76.47892720306514,321.6884165593148,RELN
GO_Biological_Process_2021,regulation of type B pancreatic cell development (GO:2000074),1/10,0.0149023554252653,0.0871899003985676,0,0,76.47892720306514,321.6884165593148,GSK3A
GO_Biological_Process_2021,inner ear receptor cell stereocilium organization (GO:0060122),1/10,0.0149023554252653,0.0871899003985676,0,0,76.47892720306514,321.6884165593148,PLS1
GO_Biological_Process_2021,cellular response to purine-containing compound (GO:0071415),1/10,0.0149023554252653,0.0871899003985676,0,0,76.47892720306514,321.6884165593148,RYR1
GO_Biological_Process_2021,regulation of protein kinase activity (GO:0045859),2/110,0.0117937821647305,0.0871899003985676,0,0,13.136243386243386,58.32732222371782,RELN;PTK2B
GO_Biological_Process_2021,positive regulation of posttranscriptional gene silencing (GO:0060148),1/11,0.0163807339505408,0.0879622973782469,0,0,68.82758620689656,282.994903106762,FXR1
GO_Biological_Process_2021,myotube cell development (GO:0014904),1/11,0.0163807339505408,0.0879622973782469,0,0,68.82758620689656,282.994903106762,RYR1
GO_Biological_Process_2021,actin filament network formation (GO:0051639),1/11,0.0163807339505408,0.0879622973782469,0,0,68.82758620689656,282.994903106762,PLS1
GO_Biological_Process_2021,regulation of synapse maturation (GO:0090128),1/11,0.0163807339505408,0.0879622973782469,0,0,68.82758620689656,282.994903106762,RELN
GO_Biological_Process_2021,interleukin-2-mediated signaling pathway (GO:0038110),1/11,0.0163807339505408,0.0879622973782469,0,0,68.82758620689656,282.994903106762,PTK2B
GO_Biological_Process_2021,cellular response to interleukin-2 (GO:0071352),1/11,0.0163807339505408,0.0879622973782469,0,0,68.82758620689656,282.994903106762,PTK2B
KEGG_2021_Human,Human papillomavirus infection,3/331,0.0131047373895045,0.0895490388282812,0,0,6.653794037940379,28.842743176459503,RELN;LAMC3;COL4A6
GO_Biological_Process_2021,negative regulation of cardiac muscle hypertrophy (GO:0010614),1/12,0.0178569680089386,0.0897427110192811,0,0,62.56739811912226,251.8563944353508,GSK3A
GO_Biological_Process_2021,positive regulation of peptidyl-tyrosine phosphorylation (GO:0050731),2/134,0.0171455849404774,0.0897427110192811,0,0,10.734848484848484,43.64805041468954,RELN;PTK2B
GO_Biological_Process_2021,positive regulation of protein phosphorylation (GO:0001934),3/371,0.0177455382744544,0.0897427110192811,0,0,5.918478260869565,23.861062188429997,FXR1;RELN;PTK2B
GO_Biological_Process_2021,negative regulation of glucose transmembrane transport (GO:0010829),1/12,0.0178569680089386,0.0897427110192811,0,0,62.56739811912226,251.8563944353508,GSK3A
GO_Biological_Process_2021,regulation of sequestering of calcium ion (GO:0051282),1/12,0.0178569680089386,0.0897427110192811,0,0,62.56739811912226,251.8563944353508,PTK2B
Reactome_2022,Sema4D Mediated Inhibition Of Cell Attachment And Migration R-HSA-416550,1/8,0.0119391531667426,0.0911145899567204,0,0,98.33990147783253,435.442406227662,RNMT
KEGG_2021_Human,PI3K-Akt signaling pathway,3/354,0.0156747656315464,0.0918093415562005,0,0,6.210509654954099,25.80903450086288,RELN;LAMC3;COL4A6
Reactome_2022,MET Activates RAS Signaling R-HSA-8851805,1/9,0.0134218294793273,0.0926745368810696,0,0,86.04310344827586,370.92087702683546,RNMT
Reactome_2022,MET Receptor Recycling R-HSA-8875656,1/9,0.0134218294793273,0.0926745368810696,0,0,86.04310344827586,370.92087702683546,RNMT
GO_Biological_Process_2021,spinal cord development (GO:0021510),1/13,0.0193310605643026,0.0935527869284771,0,0,57.35057471264368,226.30778348154325,RELN
GO_Biological_Process_2021,negative regulation of potassium ion transport (GO:0043267),1/13,0.0193310605643026,0.0935527869284771,0,0,57.35057471264368,226.30778348154325,PTK2B
GO_Biological_Process_2021,mature B cell differentiation involved in immune response (GO:0002313),1/13,0.0193310605643026,0.0935527869284771,0,0,57.35057471264368,226.30778348154325,PTK2B
GO_Biological_Process_2021,positive regulation of long-term synaptic potentiation (GO:1900273),1/14,0.02080301457834,0.09708073469892,0,0,52.93633952254642,205.00430545239047,RELN
GO_Biological_Process_2021,negative regulation of bone mineralization (GO:0030502),1/14,0.02080301457834,0.09708073469892,0,0,52.93633952254642,205.00430545239047,PTK2B
GO_Biological_Process_2021,cardiac left ventricle morphogenesis (GO:0003214),1/14,0.02080301457834,0.09708073469892,0,0,52.93633952254642,205.00430545239047,GSK3A
KEGG_2021_Human,Spinocerebellar ataxia,2/143,0.0193736307109963,0.0992898573938564,0,0,10.045086119554204,39.61623634122261,RYR1;RELN
Reactome_2022,Late Phase Of HIV Life Cycle R-HSA-162599,2/136,0.0176305659425332,0.0995869369729268,0,0,10.57356076759062,42.69731970455651,CDK7;RNMT
Reactome_2022,Interleukin-2 Signaling R-HSA-9020558,1/12,0.0178569680089386,0.0995869369729268,0,0,62.56739811912226,251.8563944353508,PTK2B
Reactome_2022,MET Activates RAP1 And RAC1 R-HSA-8875555,1/11,0.0163807339505408,0.0995869369729268,0,0,68.82758620689656,282.994903106762,RNMT
Reactome_2022,Maturation Of Nucleoprotein R-HSA-9683610,1/12,0.0178569680089386,0.0995869369729268,0,0,62.56739811912226,251.8563944353508,GSK3A
Reactome_2022,SARS-CoV-2 Modulates Autophagy R-HSA-9754560,1/11,0.0163807339505408,0.0995869369729268,0,0,68.82758620689656,282.994903106762,VPS41
GO_Biological_Process_2021,positive regulation of protein kinase activity (GO:0045860),2/154,0.0222531384352163,0.1003557533975243,0,0,9.31296992481203,35.43838580622812,RELN;PTK2B
GO_Biological_Process_2021,transmembrane receptor protein tyrosine kinase signaling pathway (GO:0007169),3/404,0.0221851125055744,0.1003557533975243,0,0,5.422277639235245,20.64984333075663,GSK3A;COL4A6;PTK2B
GO_Biological_Process_2021,peptidyl-tyrosine autophosphorylation (GO:0038083),1/15,0.0222728330244505,0.1003557533975243,0,0,49.15270935960592,186.9959576603662,PTK2B
GO_Biological_Process_2021,positive regulation of alpha-beta T cell proliferation (GO:0046641),1/16,0.0237405188646141,0.1011552542927039,0,0,45.87356321839081,171.5933676703201,RASAL3
GO_Biological_Process_2021,regulation of establishment of cell polarity (GO:2000114),1/16,0.0237405188646141,0.1011552542927039,0,0,45.87356321839081,171.5933676703201,PTK2B
GO_Biological_Process_2021,regulation of systemic arterial blood pressure (GO:0003073),1/16,0.0237405188646141,0.1011552542927039,0,0,45.87356321839081,171.5933676703201,GSK3A
GO_Biological_Process_2021,mesenchyme development (GO:0060485),1/16,0.0237405188646141,0.1011552542927039,0,0,45.87356321839081,171.5933676703201,CRELD1
GO_Biological_Process_2021,neuron projection organization (GO:0106027),1/16,0.0237405188646141,0.1011552542927039,0,0,45.87356321839081,171.5933676703201,PLS1
GO_Biological_Process_2021,gliogenesis (GO:0042063),1/17,0.0252060750668781,0.1035093643905171,0,0,43.00431034482759,158.28468525367578,RELN
GO_Biological_Process_2021,epithelial cell morphogenesis (GO:0003382),1/17,0.0252060750668781,0.1035093643905171,0,0,43.00431034482759,158.28468525367578,COL22A1
GO_Biological_Process_2021,response to purine-containing compound (GO:0014074),1/17,0.0252060750668781,0.1035093643905171,0,0,43.00431034482759,158.28468525367578,RYR1
GO_Biological_Process_2021,positive regulation of lymphocyte chemotaxis (GO:0140131),1/18,0.0266695046006179,0.1035093643905171,0,0,40.47261663286004,146.68225415832842,PTK2B
GO_Biological_Process_2021,regulation of mitochondrial outer membrane permeabilization involved in apoptotic signaling pathway (GO:1901028),1/18,0.0266695046006179,0.1035093643905171,0,0,40.47261663286004,146.68225415832842,GSK3A
GO_Biological_Process_2021,regulation of establishment or maintenance of cell polarity (GO:0032878),1/18,0.0266695046006179,0.1035093643905171,0,0,40.47261663286004,146.68225415832842,PTK2B
GO_Biological_Process_2021,cellular response to alkaloid (GO:0071312),1/18,0.0266695046006179,0.1035093643905171,0,0,40.47261663286004,146.68225415832842,RYR1
GO_Biological_Process_2021,positive regulation of amyloid-beta formation (GO:1902004),1/18,0.0266695046006179,0.1035093643905171,0,0,40.47261663286004,146.68225415832842,GSK3A
GO_Biological_Process_2021,positive regulation of CREB transcription factor activity (GO:0032793),1/18,0.0266695046006179,0.1035093643905171,0,0,40.47261663286004,146.68225415832842,RELN
Reactome_2022,Signal Regulatory Protein Family Interactions R-HSA-391160,1/13,0.0193310605643026,0.1038149548823662,0,0,57.35057471264368,226.30778348154325,PTK2B
GO_Biological_Process_2021,regulation of autophagy of mitochondrion (GO:1903146),1/19,0.0281308104264749,0.1040309215771525,0,0,38.22222222222222,136.48734525751556,GSK3A
GO_Biological_Process_2021,excitatory postsynaptic potential (GO:0060079),1/19,0.0281308104264749,0.1040309215771525,0,0,38.22222222222222,136.48734525751556,GSK3A
GO_Biological_Process_2021,negative regulation of striated muscle cell differentiation (GO:0051154),1/19,0.0281308104264749,0.1040309215771525,0,0,38.22222222222222,136.48734525751556,GSK3A
GO_Biological_Process_2021,positive regulation of G protein-coupled receptor signaling pathway (GO:0045745),1/19,0.0281308104264749,0.1040309215771525,0,0,38.22222222222222,136.48734525751556,GSK3A
GO_Biological_Process_2021,regulation of leukocyte chemotaxis (GO:0002688),1/19,0.0281308104264749,0.1040309215771525,0,0,38.22222222222222,136.48734525751556,PTK2B
Reactome_2022,AKT Phosphorylates Targets In Cytosol R-HSA-198323,1/14,0.02080301457834,0.1046164570766314,0,0,52.93633952254642,205.00430545239047,GSK3A
Reactome_2022,HIV Life Cycle R-HSA-162587,2/149,0.0209232914153262,0.1046164570766314,0,0,9.632167152575317,37.24655317504023,CDK7;RNMT
GO_Biological_Process_2021,positive regulation of dendrite morphogenesis (GO:0050775),1/20,0.0295899955032417,0.1070654620623338,0,0,36.2087114337568,127.46621354176987,RELN
GO_Biological_Process_2021,regulation of macrophage chemotaxis (GO:0010758),1/22,0.0325020152689227,0.1070654620623338,0,0,32.756978653530375,112.24025378249362,PTK2B
GO_Biological_Process_2021,negative regulation of small molecule metabolic process (GO:0062014),1/22,0.0325020152689227,0.1070654620623338,0,0,32.756978653530375,112.24025378249362,GSK3A
GO_Biological_Process_2021,negative regulation of myeloid cell differentiation (GO:0045638),1/22,0.0325020152689227,0.1070654620623338,0,0,32.756978653530375,112.24025378249362,PTK2B
GO_Biological_Process_2021,regulation of voltage-gated calcium channel activity (GO:1901385),1/22,0.0325020152689227,0.1070654620623338,0,0,32.756978653530375,112.24025378249362,AHNAK
GO_Biological_Process_2021,positive regulation of dendritic spine development (GO:0060999),1/22,0.0325020152689227,0.1070654620623338,0,0,32.756978653530375,112.24025378249362,RELN
GO_Biological_Process_2021,negative regulation of biomineral tissue development (GO:0070168),1/22,0.0325020152689227,0.1070654620623338,0,0,32.756978653530375,112.24025378249362,PTK2B
GO_Biological_Process_2021,positive regulation of amyloid precursor protein catabolic process (GO:1902993),1/22,0.0325020152689227,0.1070654620623338,0,0,32.756978653530375,112.24025378249362,GSK3A
GO_Biological_Process_2021,endocardial cushion development (GO:0003197),1/21,0.0310470628007074,0.1070654620623338,0,0,34.39655172413793,119.43346355828848,CRELD1
GO_Biological_Process_2021,long-term synaptic potentiation (GO:0060291),1/21,0.0310470628007074,0.1070654620623338,0,0,34.39655172413793,119.43346355828848,PTK2B
GO_Biological_Process_2021,negative regulation of small GTPase mediated signal transduction (GO:0051058),1/21,0.0310470628007074,0.1070654620623338,0,0,34.39655172413793,119.43346355828848,RASAL3
GO_Biological_Process_2021,extrinsic apoptotic signaling pathway in absence of ligand (GO:0097192),1/21,0.0310470628007074,0.1070654620623338,0,0,34.39655172413793,119.43346355828848,GSK3A
GO_Biological_Process_2021,positive regulation of heart contraction (GO:0045823),1/20,0.0295899955032417,0.1070654620623338,0,0,36.2087114337568,127.46621354176987,GSK3A
Reactome_2022,InlB-mediated Entry Of Listeria Monocytogenes Into Host Cell R-HSA-8875360,1/15,0.0222728330244505,0.1076520262848443,0,0,49.15270935960592,186.9959576603662,RNMT
GO_Biological_Process_2021,regulation of calcium ion transmembrane transport (GO:1903169),1/23,0.0339548558617346,0.1109191958149996,0,0,31.266457680250785,105.76577819907342,PTK2B
GO_Biological_Process_2021,negative regulation of ossification (GO:0030279),1/24,0.035405587532064,0.11375473688731,0,0,29.90554722638681,99.91101302805887,PTK2B
GO_Biological_Process_2021,regulation of proteolysis involved in cellular protein catabolic process (GO:1903050),1/25,0.0368542132262458,0.11375473688731,0,0,28.658045977011493,94.59405781572389,PTK2B
GO_Biological_Process_2021,"chemical synaptic transmission, postsynaptic (GO:0099565)",1/25,0.0368542132262458,0.11375473688731,0,0,28.658045977011493,94.59405781572389,GSK3A
GO_Biological_Process_2021,negative regulation of sequestering of calcium ion (GO:0051283),1/25,0.0368542132262458,0.11375473688731,0,0,28.658045977011493,94.59405781572389,RYR1
GO_Biological_Process_2021,negative regulation of ion transport (GO:0043271),1/25,0.0368542132262458,0.11375473688731,0,0,28.658045977011493,94.59405781572389,PTK2B
GO_Biological_Process_2021,regulation of AMPA receptor activity (GO:2000311),1/25,0.0368542132262458,0.11375473688731,0,0,28.658045977011493,94.59405781572389,RELN
GO_Biological_Process_2021,negative regulation of cellular carbohydrate metabolic process (GO:0010677),1/25,0.0368542132262458,0.11375473688731,0,0,28.658045977011493,94.59405781572389,GSK3A
GO_Biological_Process_2021,endothelial cell development (GO:0001885),1/26,0.0383007358905153,0.1154914497621693,0,0,27.51034482758621,89.74661743899148,COL22A1
GO_Biological_Process_2021,regulation of glycogen biosynthetic process (GO:0005979),1/26,0.0383007358905153,0.1154914497621693,0,0,27.51034482758621,89.74661743899148,GSK3A
GO_Biological_Process_2021,negative regulation of cell development (GO:0010721),1/26,0.0383007358905153,0.1154914497621693,0,0,27.51034482758621,89.74661743899148,GSK3A
GO_Biological_Process_2021,release of sequestered calcium ion into cytosol (GO:0051209),1/27,0.0397451584744871,0.1171436249774359,0,0,26.450928381962864,85.31131290182489,RYR1
GO_Biological_Process_2021,negative regulation of insulin receptor signaling pathway (GO:0046627),1/27,0.0397451584744871,0.1171436249774359,0,0,26.450928381962864,85.31131290182489,GSK3A
GO_Biological_Process_2021,positive regulation of gene silencing by miRNA (GO:2000637),1/27,0.0397451584744871,0.1171436249774359,0,0,26.450928381962864,85.31131290182489,FXR1
Reactome_2022,Diseases Of Signal Transduction By Growth Factor Receptors And Second Messengers R-HSA-5663202,3/424,0.0251470493614048,0.1176232954001193,0,0,5.159408814990763,19.002178565329565,FXR1;GSK3A;RNMT
GO_Biological_Process_2021,positive regulation of phosphatidylinositol 3-kinase activity (GO:0043552),1/28,0.0411874839013458,0.1187168653627027,0,0,25.46998722860792,81.2396025067177,PTK2B
GO_Biological_Process_2021,negative regulation of cellular response to insulin stimulus (GO:1900077),1/28,0.0411874839013458,0.1187168653627027,0,0,25.46998722860792,81.2396025067177,GSK3A
GO_Biological_Process_2021,regulation of plasma membrane bounded cell projection organization (GO:0120035),1/28,0.0411874839013458,0.1187168653627027,0,0,25.46998722860792,81.2396025067177,GSK3A
GO_Biological_Process_2021,glial cell differentiation (GO:0010001),1/29,0.0426277151111442,0.1191297598459486,0,0,24.55911330049261,77.49015815040234,RELN
GO_Biological_Process_2021,termination of RNA polymerase I transcription (GO:0006363),1/30,0.0440658550450575,0.1191297598459486,0,0,23.711058263971463,74.02758505991471,CDK7
GO_Biological_Process_2021,positive regulation of lipid kinase activity (GO:0090218),1/30,0.0440658550450575,0.1191297598459486,0,0,23.711058263971463,74.02758505991471,PTK2B
GO_Biological_Process_2021,"transcription, DNA-templated (GO:0006351)",2/221,0.0431756761796562,0.1191297598459486,0,0,6.441943900848011,20.24366694507693,CDK7;RNMT
GO_Biological_Process_2021,"nucleotide-excision repair, preincision complex assembly (GO:0006294)",1/29,0.0426277151111442,0.1191297598459486,0,0,24.55911330049261,77.49015815040234,CDK7
GO_Biological_Process_2021,negative regulation of transferase activity (GO:0051348),1/29,0.0426277151111442,0.1191297598459486,0,0,24.55911330049261,77.49015815040234,GSK3A
GO_Biological_Process_2021,regulation of calcium ion transmembrane transporter activity (GO:1901019),1/29,0.0426277151111442,0.1191297598459486,0,0,24.55911330049261,77.49015815040234,AHNAK
GO_Biological_Process_2021,positive regulation of small GTPase mediated signal transduction (GO:0051057),1/30,0.0440658550450575,0.1191297598459486,0,0,23.711058263971463,74.02758505991471,RELN
GO_Biological_Process_2021,regulation of long-term synaptic potentiation (GO:1900271),1/30,0.0440658550450575,0.1191297598459486,0,0,23.711058263971463,74.02758505991471,RELN
Reactome_2022,MECP2 Regulates Neuronal Receptors And Channels R-HSA-9022699,1/18,0.0266695046006179,0.12084619272155,0,0,40.47261663286004,146.68225415832842,RNMT
GO_Biological_Process_2021,positive regulation of protein targeting to mitochondrion (GO:1903955),1/31,0.0455019066193127,0.1213384176515005,0,0,22.919540229885055,70.82140338003367,GSK3A
GO_Biological_Process_2021,regulation of potassium ion transport (GO:0043266),1/31,0.0455019066193127,0.1213384176515005,0,0,22.919540229885055,70.82140338003367,PTK2B
GO_Biological_Process_2021,apoptotic process (GO:0006915),2/231,0.0467502916921172,0.1218467690136119,0,0,6.157517155333749,18.86007347730692,FXR1;PTK2B
GO_Biological_Process_2021,transcription initiation from RNA polymerase I promoter (GO:0006361),1/32,0.0469358727577943,0.1218467690136119,0,0,22.17908787541713,67.84523138217664,CDK7
GO_Biological_Process_2021,skeletal muscle organ development (GO:0060538),1/32,0.0469358727577943,0.1218467690136119,0,0,22.17908787541713,67.84523138217664,FXR1
GO_Biological_Process_2021,regulation of dendritic spine morphogenesis (GO:0061001),1/32,0.0469358727577943,0.1218467690136119,0,0,22.17908787541713,67.84523138217664,RELN
GO_Biological_Process_2021,actin filament bundle organization (GO:0061572),1/33,0.0483677563907074,0.1223236161623053,0,0,21.48491379310345,65.07612542493897,PLS1
GO_Biological_Process_2021,negative regulation of cellular macromolecule biosynthetic process (GO:2000113),3/547,0.0478422836623936,0.1223236161623053,0,0,3.9677287581699354,12.061282153083653,FXR1;GSK3A;ZNF318
GO_Biological_Process_2021,actin filament bundle assembly (GO:0051017),1/33,0.0483677563907074,0.1223236161623053,0,0,21.48491379310345,65.07612542493897,PLS1
GO_Biological_Process_2021,positive regulation of receptor signaling pathway via JAK-STAT (GO:0046427),1/33,0.0483677563907074,0.1223236161623053,0,0,21.48491379310345,65.07612542493897,PTK2B
GO_Biological_Process_2021,regulation of amyloid-beta formation (GO:1902003),1/34,0.0497975604232894,0.1235483777590472,0,0,20.832810867293627,62.494042787714754,GSK3A
GO_Biological_Process_2021,positive regulation of mitochondrial outer membrane permeabilization involved in apoptotic signaling pathway (GO:1901030),1/34,0.0497975604232894,0.1235483777590472,0,0,20.832810867293627,62.494042787714754,GSK3A
GO_Biological_Process_2021,transcription by RNA polymerase I (GO:0006360),1/34,0.0497975604232894,0.1235483777590472,0,0,20.832810867293627,62.494042787714754,CDK7
Reactome_2022,Listeria Monocytogenes Entry Into Host Cells R-HSA-8876384,1/19,0.0281308104264749,0.1236050761163292,0,0,38.22222222222222,136.48734525751556,RNMT
GO_Biological_Process_2021,regulation of trans-synaptic signaling (GO:0099177),1/35,0.0512252877849629,0.1239525482204042,0,0,20.219066937119678,60.081401552176,RELN
GO_Biological_Process_2021,regulation of phosphatidylinositol 3-kinase activity (GO:0043551),1/35,0.0512252877849629,0.1239525482204042,0,0,20.219066937119678,60.081401552176,PTK2B
GO_Biological_Process_2021,regulation of postsynaptic membrane potential (GO:0060078),1/35,0.0512252877849629,0.1239525482204042,0,0,20.219066937119678,60.081401552176,GSK3A
GO_Biological_Process_2021,negative regulation of Ras protein signal transduction (GO:0046580),1/35,0.0512252877849629,0.1239525482204042,0,0,20.219066937119678,60.081401552176,RASAL3
GO_Biological_Process_2021,skeletal muscle tissue development (GO:0007519),1/37,0.0540745240778647,0.1269294217875626,0,0,19.09386973180077,55.70430487305193,RYR1
GO_Biological_Process_2021,positive regulation of signaling receptor activity (GO:2000273),1/37,0.0540745240778647,0.1269294217875626,0,0,19.09386973180077,55.70430487305193,RELN
GO_Biological_Process_2021,regulation of glucose import (GO:0046324),1/37,0.0540745240778647,0.1269294217875626,0,0,19.09386973180077,55.70430487305193,GSK3A
GO_Biological_Process_2021,regulation of actin cytoskeleton reorganization (GO:2000249),1/37,0.0540745240778647,0.1269294217875626,0,0,19.09386973180077,55.70430487305193,PTK2B
GO_Biological_Process_2021,glutamate receptor signaling pathway (GO:0007215),1/37,0.0540745240778647,0.1269294217875626,0,0,19.09386973180077,55.70430487305193,PTK2B
GO_Biological_Process_2021,positive regulation of signal transduction (GO:0009967),2/252,0.0545975436422088,0.1273942684984872,0,0,5.634285714285714,16.383186606197004,RELN;PTK2B
GO_Biological_Process_2021,negative regulation of TOR signaling (GO:0032007),1/38,0.0554960388319167,0.1287245397758069,0,0,18.576887232059647,53.71402231134463,GSK3A
Reactome_2022,Sema4D In Semaphorin Signaling R-HSA-400685,1/24,0.035405587532064,0.1291536442819704,0,0,29.90554722638681,99.91101302805887,RNMT
Reactome_2022,Cyclin A/B1/B2 Associated Events During G2/M Transition R-HSA-69273,1/25,0.0368542132262458,0.1291536442819704,0,0,28.658045977011493,94.59405781572389,CDK7
Reactome_2022,Laminin Interactions R-HSA-3000157,1/22,0.0325020152689227,0.1291536442819704,0,0,32.756978653530375,112.24025378249362,LAMC3
Reactome_2022,Negative Regulation Of MET Activity R-HSA-6807004,1/21,0.0310470628007074,0.1291536442819704,0,0,34.39655172413793,119.43346355828848,RNMT
Reactome_2022,Response Of Mtb To Phagocytosis R-HSA-9637690,1/22,0.0325020152689227,0.1291536442819704,0,0,32.756978653530375,112.24025378249362,GSK3A
Reactome_2022,Canonical Retinoid Cycle In Rods (Twilight Vision) R-HSA-2453902,1/23,0.0339548558617346,0.1291536442819704,0,0,31.266457680250785,105.76577819907342,RBP3
Reactome_2022,Attenuation Phase R-HSA-3371568,1/26,0.0383007358905153,0.1291536442819704,0,0,27.51034482758621,89.74661743899148,COL4A6
Reactome_2022,Infection With Mycobacterium Tuberculosis R-HSA-9635486,1/26,0.0383007358905153,0.1291536442819704,0,0,27.51034482758621,89.74661743899148,GSK3A
Reactome_2022,Constitutive Signaling By AKT1 E17K In Cancer R-HSA-5674400,1/26,0.0383007358905153,0.1291536442819704,0,0,27.51034482758621,89.74661743899148,GSK3A
Reactome_2022,Signaling By Receptor Tyrosine Kinases R-HSA-9006934,3/496,0.0375049475916008,0.1291536442819704,0,0,4.389677710164525,14.412551650563104,LAMC3;RNMT;PTK2B
GO_Biological_Process_2021,regulation of protein targeting to mitochondrion (GO:1903214),1/39,0.0569154885110809,0.1304729327271562,0,0,18.087114337568057,51.84106589215322,GSK3A
GO_Biological_Process_2021,regulation of protein tyrosine kinase activity (GO:0061097),1/39,0.0569154885110809,0.1304729327271562,0,0,18.087114337568057,51.84106589215322,RELN
GO_Biological_Process_2021,cellular component assembly (GO:0022607),2/261,0.0580952804814736,0.1321762277526637,0,0,5.436017650303365,15.469116964180111,PTK2B;PLS1
GO_Biological_Process_2021,positive regulation of cation channel activity (GO:2001259),1/40,0.058332876023497,0.1321762277526637,0,0,17.622458001768347,50.075790447561154,RELN
GO_Biological_Process_2021,regulation of filopodium assembly (GO:0051489),1/41,0.0597482042475946,0.1338359775146121,0,0,17.18103448275862,48.4095601130177,FXR1
GO_Biological_Process_2021,regulation of response to DNA damage stimulus (GO:2001020),1/41,0.0597482042475946,0.1338359775146121,0,0,17.18103448275862,48.4095601130177,FXR1
GO_Biological_Process_2021,regulation of ubiquitin-dependent protein catabolic process (GO:2000058),1/42,0.0611614760831625,0.1346926889022455,0,0,16.761143818334734,46.83462101550951,PTK2B
GO_Biological_Process_2021,positive regulation of protein tyrosine kinase activity (GO:0061098),1/42,0.0611614760831625,0.1346926889022455,0,0,16.761143818334734,46.83462101550951,RELN
GO_Biological_Process_2021,calcium ion transmembrane import into cytosol (GO:0097553),1/42,0.0611614760831625,0.1346926889022455,0,0,16.761143818334734,46.83462101550951,RYR1
GO_Biological_Process_2021,cellular response to retinoic acid (GO:0071300),1/43,0.0625726944066545,0.1370307050693216,0,0,16.361247947454842,45.34399265988268,PTK2B
GO_Biological_Process_2021,cardiac ventricle morphogenesis (GO:0003208),1/44,0.0639818620949856,0.138568452714002,0,0,15.979951884522857,43.93137485913406,GSK3A
GO_Biological_Process_2021,positive regulation of cell-matrix adhesion (GO:0001954),1/44,0.0639818620949856,0.138568452714002,0,0,15.979951884522857,43.93137485913406,PTK2B
Reactome_2022,RNA Polymerase I Transcription Termination R-HSA-73863,1/30,0.0440658550450575,0.1389032387289856,0,0,23.711058263971463,74.02758505991471,CDK7
Reactome_2022,Translation Of Structural Proteins R-HSA-9683701,1/30,0.0440658550450575,0.1389032387289856,0,0,23.711058263971463,74.02758505991471,GSK3A
Reactome_2022,HSF1 Activation R-HSA-3371511,1/29,0.0426277151111442,0.1389032387289856,0,0,24.55911330049261,77.49015815040234,COL4A6
GO_Biological_Process_2021,cellular protein modification process (GO:0006464),4/1025,0.0652342803991045,0.1400682019479608,0,0,2.855270097189784,7.794231153527082,GSK3A;CDK7;STK38L;PTK2B
GO_Biological_Process_2021,regulation of insulin receptor signaling pathway (GO:0046626),1/45,0.0653889820318286,0.1400682019479608,0,0,15.615987460815049,42.59106770539062,GSK3A
Reactome_2022,HIV Infection R-HSA-162906,2/229,0.0460267690211868,0.1419974788951509,0,0,6.212397734424166,19.125065945949448,CDK7;RNMT
GO_Biological_Process_2021,positive regulation of response to stimulus (GO:0048584),1/46,0.0667940570746933,0.142300382463477,0,0,15.268199233716476,41.317902512852925,FXR1
GO_Biological_Process_2021,epidermal growth factor receptor signaling pathway (GO:0007173),1/47,0.0681970901048618,0.14450410443841,0,0,14.93553223388306,40.10718199812654,PTK2B
GO_Biological_Process_2021,regulation of mitochondrion organization (GO:0010821),1/48,0.0695980839810058,0.1458954487730175,0,0,14.617021276595745,38.95462833164002,GSK3A
GO_Biological_Process_2021,substrate adhesion-dependent cell spreading (GO:0034446),1/48,0.0695980839810058,0.1458954487730175,0,0,14.617021276595745,38.95462833164002,LAMC3
Reactome_2022,Formation Of Early Elongation Complex R-HSA-113418,1/33,0.0483677563907074,0.1461109307635954,0,0,21.48491379310345,65.07612542493897,CDK7
GO_Biological_Process_2021,cellular defense response (GO:0006968),1/49,0.070997041562065,0.1472531232398385,0,0,14.311781609195402,37.85633785017516,PTK2B
GO_Biological_Process_2021,positive regulation of actin filament polymerization (GO:0030838),1/49,0.070997041562065,0.1472531232398385,0,0,14.311781609195402,37.85633785017516,PTK2B
GO_Biological_Process_2021,neuron migration (GO:0001764),1/50,0.0723939657090184,0.1493601818838695,0,0,14.019000703729768,36.80874147674154,RELN
GO_Biological_Process_2021,positive regulation of protein localization to cell periphery (GO:1904377),1/52,0.0751817250984591,0.1503634501969182,0,0,13.46788370520622,34.852823720532044,PLS1
GO_Biological_Process_2021,sprouting angiogenesis (GO:0002040),1/52,0.0751817250984591,0.1503634501969182,0,0,13.46788370520622,34.852823720532044,PTK2B
GO_Biological_Process_2021,positive regulation of protein localization to plasma membrane (GO:1903078),1/52,0.0751817250984591,0.1503634501969182,0,0,13.46788370520622,34.852823720532044,PLS1
GO_Biological_Process_2021,protein homotetramerization (GO:0051289),1/52,0.0751817250984591,0.1503634501969182,0,0,13.46788370520622,34.852823720532044,RYR1
GO_Biological_Process_2021,mRNA processing (GO:0006397),2/300,0.0741097879019695,0.1503634501969182,0,0,4.715244487056568,12.270045346371148,CDK7;RNMT
GO_Biological_Process_2021,regulation of release of sequestered calcium ion into cytosol (GO:0051279),1/52,0.0751817250984591,0.1503634501969182,0,0,13.46788370520622,34.852823720532044,PTK2B
KEGG_2021_Human,Chemokine signaling pathway,2/192,0.0334441341475365,0.1523566111165554,0,0,7.43609022556391,25.26693384983181,GSK3A;PTK2B
GO_Biological_Process_2021,IRE1-mediated unfolded protein response (GO:0036498),1/53,0.0765725660346981,0.1523677456121912,0,0,13.208222811671089,33.938745289872976,GSK3A
GO_Biological_Process_2021,regulation of cyclin-dependent protein kinase activity (GO:1904029),1/54,0.0779613849203899,0.1535721753205672,0,0,12.958360442420298,33.06379625497651,CDK7
GO_Biological_Process_2021,"regulation of alternative mRNA splicing, via spliceosome (GO:0000381)",1/54,0.0779613849203899,0.1535721753205672,0,0,12.958360442420298,33.06379625497651,FXR1
Reactome_2022,Non-integrin membrane-ECM Interactions R-HSA-3000171,1/41,0.0597482042475946,0.154124335954396,0,0,17.18103448275862,48.4095601130177,LAMC3
Reactome_2022,HSF1-dependent Transactivation R-HSA-3371571,1/36,0.0526509413652038,0.154124335954396,0,0,19.64039408866995,57.82271782479102,COL4A6
Reactome_2022,RAF/MAP Kinase Cascade R-HSA-5673001,2/271,0.0620718636198982,0.154124335954396,0,0,5.231279872543813,14.540146099449704,RNMT;RASAL3
Reactome_2022,MAPK1/MAPK3 Signaling R-HSA-5684996,2/277,0.0645019982107607,0.154124335954396,0,0,5.115584415584416,14.022119089583615,RNMT;RASAL3
Reactome_2022,Interleukin-2 Family Signaling R-HSA-451927,1/44,0.0639818620949856,0.154124335954396,0,0,15.979951884522857,43.93137485913406,PTK2B
Reactome_2022,PIP3 Activates AKT Signaling R-HSA-1257604,2/268,0.0608691144244839,0.154124335954396,0,0,5.291084854994629,14.809901988816328,GSK3A;RNMT
Reactome_2022,Infectious Disease R-HSA-5663205,4/961,0.0538187793369851,0.154124335954396,0,0,3.0565067116791256,8.931518559670545,GSK3A;CDK7;RNMT;VPS41
Reactome_2022,RHOU GTPase Cycle R-HSA-9013420,1/39,0.0569154885110809,0.154124335954396,0,0,18.087114337568057,51.84106589215322,PTK2B
Reactome_2022,Formation Of Incision Complex In GG-NER R-HSA-5696395,1/42,0.0611614760831625,0.154124335954396,0,0,16.761143818334734,46.83462101550951,CDK7
Reactome_2022,SARS-CoV-2 Infection R-HSA-9694516,2/283,0.0669643666560479,0.154124335954396,0,0,5.004829689883071,13.531030733806729,GSK3A;VPS41
Reactome_2022,Formation Of HIV Elongation Complex In Absence Of HIV Tat R-HSA-167152,1/45,0.0653889820318286,0.154124335954396,0,0,15.615987460815049,42.59106770539062,CDK7
Reactome_2022,XBP1(S) Activates Chaperone Genes R-HSA-381038,1/46,0.0667940570746933,0.154124335954396,0,0,15.268199233716476,41.317902512852925,GSK3A
Reactome_2022,RNA Polymerase I Transcription Initiation R-HSA-73762,1/46,0.0667940570746933,0.154124335954396,0,0,15.268199233716476,41.317902512852925,CDK7
Reactome_2022,HIV Transcription Initiation R-HSA-167161,1/46,0.0667940570746933,0.154124335954396,0,0,15.268199233716476,41.317902512852925,CDK7
Reactome_2022,Formation Of HIV-1 Elongation Complex Containing HIV-1 Tat R-HSA-167200,1/43,0.0625726944066545,0.154124335954396,0,0,16.361247947454842,45.34399265988268,CDK7
Reactome_2022,Cyclin D Associated Events In G1 R-HSA-69231,1/47,0.0681970901048618,0.1545090322688276,0,0,14.93553223388306,40.10718199812654,CDK7
GO_Biological_Process_2021,regulation of cardiac conduction (GO:1903779),1/55,0.0793481846088859,0.1547486983417079,0,0,12.717752234993617,32.22563588457274,RYR1
GO_Biological_Process_2021,positive regulation of response to DNA damage stimulus (GO:2001022),1/55,0.0793481846088859,0.1547486983417079,0,0,12.717752234993617,32.22563588457274,FXR1
Reactome_2022,IRE1alpha Activates Chaperones R-HSA-381070,1/48,0.0695980839810058,0.1552572642653207,0,0,14.617021276595745,38.95462833164002,GSK3A
GO_Biological_Process_2021,chemokine-mediated signaling pathway (GO:0070098),1/56,0.0807329679040596,0.1558981449181841,0,0,12.4858934169279,31.42210254292495,PTK2B
GO_Biological_Process_2021,positive regulation of establishment of protein localization to mitochondrion (GO:1903749),1/56,0.0807329679040596,0.1558981449181841,0,0,12.4858934169279,31.42210254292495,GSK3A
GO_Biological_Process_2021,regulation of bone mineralization (GO:0030500),1/57,0.0821157376538747,0.1577910252956809,0,0,12.26231527093596,30.65119706904604,PTK2B
GO_Biological_Process_2021,transcription by RNA polymerase II (GO:0006366),2/320,0.0828181610757058,0.1581189695846434,0,0,4.414195867026056,10.996238218472374,CDK7;RNMT
GO_Biological_Process_2021,muscle organ development (GO:0007517),1/58,0.0834964966939316,0.1581189695846434,0,0,12.04658197217181,29.91106798113016,FXR1
GO_Biological_Process_2021,positive regulation of mitochondrion organization (GO:0010822),1/58,0.0834964966939316,0.1581189695846434,0,0,12.04658197217181,29.91106798113016,GSK3A
Reactome_2022,SARS-CoV-1 Infection R-HSA-9678108,1/52,0.0751817250984591,0.1588558953424657,0,0,13.46788370520622,34.852823720532044,GSK3A
Reactome_2022,Sensory Processing Of Sound By Outer Hair Cells Of Cochlea R-HSA-9662361,1/53,0.0765725660346981,0.1588558953424657,0,0,13.208222811671089,33.938745289872976,PLS1
Reactome_2022,Ion Homeostasis R-HSA-5578775,1/50,0.0723939657090184,0.1588558953424657,0,0,14.019000703729768,36.80874147674154,RYR1
Reactome_2022,Intracellular Signaling By Second Messengers R-HSA-9006925,2/306,0.0766890529239489,0.1588558953424657,0,0,4.62077067669173,11.866122031801153,GSK3A;RNMT
Reactome_2022,Formation Of TC-NER Pre-Incision Complex R-HSA-6781823,1/52,0.0751817250984591,0.1588558953424657,0,0,13.46788370520622,34.852823720532044,CDK7
GO_Biological_Process_2021,peptidyl-threonine phosphorylation (GO:0018107),1/60,0.0862519938757385,0.1617740746377488,0,0,11.637054354178844,28.516393460743195,GSK3A
GO_Biological_Process_2021,cellular response to chemokine (GO:1990869),1/60,0.0862519938757385,0.1617740746377488,0,0,11.637054354178844,28.516393460743195,PTK2B
Reactome_2022,Late SARS-CoV-2 Infection Events R-HSA-9772573,1/58,0.0834964966939316,0.1658492057619189,0,0,12.04658197217181,29.91106798113016,GSK3A
Reactome_2022,MAPK Family Signaling Cascades R-HSA-5683057,2/318,0.0819333016662375,0.1658492057619189,0,0,4.44258589511754,11.11468244222567,RNMT;RASAL3
Reactome_2022,Formation Of RNA Pol II Elongation Complex R-HSA-112382,1/58,0.0834964966939316,0.1658492057619189,0,0,12.04658197217181,29.91106798113016,CDK7
GO_Biological_Process_2021,response to retinoic acid (GO:0032526),1/62,0.0889994819880445,0.1661323663776831,0,0,11.254381006218203,27.22575140877544,PTK2B
Reactome_2022,RNA Polymerase I Promoter Escape R-HSA-73772,1/59,0.0848752478256348,0.166309607225906,0,0,11.838287752675386,29.199998252267804,CDK7
Reactome_2022,TP53 Regulates Transcription Of DNA Repair Genes R-HSA-6796648,1/62,0.0889994819880445,0.1666707804514743,0,0,11.254381006218203,27.22575140877544,CDK7
Reactome_2022,Dual Incision In TC-NER R-HSA-6782135,1/65,0.0931057463211684,0.1666707804514743,0,0,10.72521551724138,25.461869434390834,CDK7
Reactome_2022,Transcriptional Regulation By MECP2 R-HSA-8986944,1/60,0.0862519938757385,0.1666707804514743,0,0,11.637054354178844,28.516393460743195,RNMT
Reactome_2022,Signaling By BRAF And RAF1 Fusions R-HSA-6802952,1/62,0.0889994819880445,0.1666707804514743,0,0,11.254381006218203,27.22575140877544,FXR1
Reactome_2022,Regulation Of RAS By GAPs R-HSA-5658442,1/65,0.0931057463211684,0.1666707804514743,0,0,10.72521551724138,25.461869434390834,RASAL3
Reactome_2022,Gap-filling DNA Repair Synthesis And Ligation In TC-NER R-HSA-6782210,1/64,0.091738983515608,0.1666707804514743,0,0,10.896004378763,26.028461010792668,CDK7
Reactome_2022,Semaphorin Interactions R-HSA-373755,1/64,0.091738983515608,0.1666707804514743,0,0,10.896004378763,26.028461010792668,RNMT
GO_Biological_Process_2021,cell cycle G1/S phase transition (GO:0044843),1/63,0.090370229679819,0.1678916115378629,0,0,11.07230255839822,26.61604802845276,CDK7
GO_Biological_Process_2021,negative regulation of cellular catabolic process (GO:0031330),1/69,0.098552942914148,0.1689180835960329,0,0,10.092292089249494,23.385469502095955,GSK3A
GO_Biological_Process_2021,"DNA-templated transcription, termination (GO:0006353)",1/70,0.0999097923540907,0.1689180835960329,0,0,9.945527236381809,22.909398431433704,CDK7
GO_Biological_Process_2021,protein tetramerization (GO:0051262),1/71,0.1012646674619075,0.1689180835960329,0,0,9.80295566502463,22.44894217800591,RYR1
GO_Biological_Process_2021,positive regulation of cell-substrate adhesion (GO:0010811),1/70,0.0999097923540907,0.1689180835960329,0,0,9.945527236381809,22.909398431433704,PTK2B
GO_Biological_Process_2021,"DNA-templated transcription, elongation (GO:0006354)",1/69,0.098552942914148,0.1689180835960329,0,0,10.092292089249494,23.385469502095955,CDK7
GO_Biological_Process_2021,regulation of plasma membrane bounded cell projection assembly (GO:0120032),1/70,0.0999097923540907,0.1689180835960329,0,0,9.945527236381809,22.909398431433704,FXR1
GO_Biological_Process_2021,snRNA transcription (GO:0009301),1/71,0.1012646674619075,0.1689180835960329,0,0,9.80295566502463,22.44894217800591,CDK7
GO_Biological_Process_2021,regulation of TOR signaling (GO:0032006),1/71,0.1012646674619075,0.1689180835960329,0,0,9.80295566502463,22.44894217800591,GSK3A
GO_Biological_Process_2021,negative regulation of neuron apoptotic process (GO:0043524),1/71,0.1012646674619075,0.1689180835960329,0,0,9.80295566502463,22.44894217800591,PTK2B
GO_Biological_Process_2021,cellular response to nutrient levels (GO:0031669),1/66,0.0944705208619502,0.1689180835960329,0,0,10.559681697612731,24.915225160225248,VPS41
GO_Biological_Process_2021,regulation of RNA metabolic process (GO:0051252),1/65,0.0931057463211684,0.1689180835960329,0,0,10.72521551724138,25.461869434390834,AHNAK
GO_Biological_Process_2021,snRNA transcription by RNA polymerase II (GO:0042795),1/70,0.0999097923540907,0.1689180835960329,0,0,9.945527236381809,22.909398431433704,CDK7
GO_Biological_Process_2021,positive regulation of catabolic process (GO:0009896),1/67,0.0958333099563512,0.1689180835960329,0,0,10.399164054336469,24.387547080252187,GSK3A
GO_Biological_Process_2021,regulation of cell-matrix adhesion (GO:0001952),1/65,0.0931057463211684,0.1689180835960329,0,0,10.72521551724138,25.461869434390834,PTK2B
GO_Biological_Process_2021,regulation of myeloid cell differentiation (GO:0045637),1/68,0.0971941163755111,0.1689180835960329,0,0,10.243437982501286,23.87791592101611,PTK2B
GO_Biological_Process_2021,supramolecular fiber organization (GO:0097435),2/351,0.0969052621346249,0.1689180835960329,0,0,4.015759312320917,9.37286840016079,COL22A1;COL4A6
GO_Biological_Process_2021,peptidyl-threonine modification (GO:0018210),1/67,0.0958333099563512,0.1689180835960329,0,0,10.399164054336469,24.387547080252187,GSK3A
GO_Biological_Process_2021,vascular endothelial growth factor receptor signaling pathway (GO:0048010),1/67,0.0958333099563512,0.1689180835960329,0,0,10.399164054336469,24.387547080252187,PTK2B
GO_Biological_Process_2021,ERBB signaling pathway (GO:0038127),1/66,0.0944705208619502,0.1689180835960329,0,0,10.559681697612731,24.915225160225248,PTK2B
GO_Biological_Process_2021,regulation of gene silencing by miRNA (GO:0060964),1/67,0.0958333099563512,0.1689180835960329,0,0,10.399164054336469,24.387547080252187,FXR1
GO_Biological_Process_2021,cellular response to calcium ion (GO:0071277),1/69,0.098552942914148,0.1689180835960329,0,0,10.092292089249494,23.385469502095955,RYR1
GO_Biological_Process_2021,positive regulation of protein polymerization (GO:0032273),1/69,0.098552942914148,0.1689180835960329,0,0,10.092292089249494,23.385469502095955,PTK2B
GO_Biological_Process_2021,diterpenoid metabolic process (GO:0016101),1/64,0.091738983515608,0.1689180835960329,0,0,10.896004378763,26.028461010792668,RBP3
GO_Biological_Process_2021,transcription elongation from RNA polymerase II promoter (GO:0006368),1/67,0.0958333099563512,0.1689180835960329,0,0,10.399164054336469,24.387547080252187,CDK7
Reactome_2022,Sensory Processing Of Sound By Inner Hair Cells Of Cochlea R-HSA-9662360,1/67,0.0958333099563512,0.1694613407764747,0,0,10.399164054336469,24.387547080252187,PLS1
GO_Biological_Process_2021,transcription-coupled nucleotide-excision repair (GO:0006283),1/73,0.1039685058127173,0.1698152261607716,0,0,9.529693486590038,21.572055090315494,CDK7
GO_Biological_Process_2021,insulin receptor signaling pathway (GO:0008286),1/73,0.1039685058127173,0.1698152261607716,0,0,9.529693486590038,21.572055090315494,GSK3A
GO_Biological_Process_2021,positive regulation of JNK cascade (GO:0046330),1/73,0.1039685058127173,0.1698152261607716,0,0,9.529693486590038,21.572055090315494,PTK2B
GO_Biological_Process_2021,extrinsic apoptotic signaling pathway (GO:0097191),1/72,0.1026175710295397,0.1698152261607716,0,0,9.664400194269062,22.00338548313555,GSK3A
GO_Biological_Process_2021,regulation of actin filament polymerization (GO:0030833),1/73,0.1039685058127173,0.1698152261607716,0,0,9.529693486590038,21.572055090315494,PTK2B
GO_Biological_Process_2021,integrin-mediated signaling pathway (GO:0007229),1/75,0.1066644800819346,0.1728152401586088,0,0,9.271202236719478,20.749572437350395,PTK2B
GO_Biological_Process_2021,establishment of protein localization to organelle (GO:0072594),1/76,0.1080095250991305,0.1728152401586088,0,0,9.14712643678161,20.3572579045293,NPAP1
GO_Biological_Process_2021,regulation of RNA splicing (GO:0043484),1/76,0.1080095250991305,0.1728152401586088,0,0,9.14712643678161,20.3572579045293,AHNAK
GO_Biological_Process_2021,protein import into nucleus (GO:0006606),1/76,0.1080095250991305,0.1728152401586088,0,0,9.14712643678161,20.3572579045293,NPAP1
GO_Biological_Process_2021,RNA transport (GO:0050658),1/76,0.1080095250991305,0.1728152401586088,0,0,9.14712643678161,20.3572579045293,NPAP1
Reactome_2022,Global Genome Nucleotide Excision Repair (GG-NER) R-HSA-5696399,1/82,0.1160387787872419,0.1734600301458772,0,0,8.46700723712218,18.236501342427736,CDK7
Reactome_2022,RNA Polymerase I Transcription R-HSA-73864,1/79,0.1120329247043706,0.1734600301458772,0,0,8.793987621573828,19.249708955963715,CDK7
Reactome_2022,Cyclin E Associated Events During G1/S Transition R-HSA-69202,1/82,0.1160387787872419,0.1734600301458772,0,0,8.46700723712218,18.236501342427736,CDK7
Reactome_2022,Disease R-HSA-1643685,5/1736,0.1137718244770414,0.1734600301458772,0,0,2.10733679953784,4.580423766404462,FXR1;GSK3A;CDK7;RNMT;VPS41
Reactome_2022,RNA Polymerase II Pre-transcription Events R-HSA-674695,1/80,0.1133701552568414,0.1734600301458772,0,0,8.682234831951114,18.9020683044028,CDK7
Reactome_2022,Negative Epigenetic Regulation Of rRNA Expression R-HSA-5250941,1/77,0.1093526123750557,0.1734600301458772,0,0,9.026315789473683,19.976840295907547,CDK7
Reactome_2022,RNA Polymerase II Transcribes snRNA Genes R-HSA-6807505,1/74,0.1053174745633215,0.1734600301458772,0,0,9.398677373641949,21.15431674384753,CDK7
Reactome_2022,Sensory Processing Of Sound R-HSA-9659379,1/75,0.1066644800819346,0.1734600301458772,0,0,9.271202236719478,20.749572437350395,PLS1
Reactome_2022,SARS-CoV Infections R-HSA-9679506,2/369,0.1053832883912008,0.1734600301458772,0,0,3.815297781237836,8.584996917471212,GSK3A;VPS41
Reactome_2022,NoRC Negatively Regulates rRNA Expression R-HSA-427413,1/74,0.1053174745633215,0.1734600301458772,0,0,9.398677373641949,21.15431674384753,CDK7
Reactome_2022,Transcription-Coupled Nucleotide Excision Repair (TC-NER) R-HSA-6781827,1/77,0.1093526123750557,0.1734600301458772,0,0,9.026315789473683,19.976840295907547,CDK7
Reactome_2022,Constitutive Signaling By Aberrant PI3K In Cancer R-HSA-2219530,1/78,0.1106937446588701,0.1734600301458772,0,0,8.908643081056875,19.607816054535498,RNMT
Reactome_2022,Oncogenic MAPK Signaling R-HSA-6802957,1/78,0.1106937446588701,0.1734600301458772,0,0,8.908643081056875,19.607816054535498,FXR1
Reactome_2022,Regulation Of HSF1-mediated Heat Shock Response R-HSA-3371453,1/81,0.1147054390288231,0.1734600301458772,0,0,8.573275862068966,18.564467269525416,COL4A6
Reactome_2022,RNA Polymerase I Promoter Clearance R-HSA-73854,1/78,0.1106937446588701,0.1734600301458772,0,0,8.908643081056875,19.607816054535498,CDK7
GO_Biological_Process_2021,positive regulation of protein modification by small protein conjugation or removal (GO:1903322),1/77,0.1093526123750557,0.1735474657936106,0,0,9.026315789473683,19.976840295907547,GSK3A
GO_Biological_Process_2021,import into nucleus (GO:0051170),1/77,0.1093526123750557,0.1735474657936106,0,0,9.026315789473683,19.976840295907547,NPAP1
Reactome_2022,Cyclin A:Cdk2-associated Events At S Phase Entry R-HSA-69656,1/84,0.1186996371705696,0.1756270141809448,0,0,8.26215205650187,17.607959996023958,CDK7
GO_Biological_Process_2021,positive regulation of ubiquitin-dependent protein catabolic process (GO:2000060),1/79,0.1120329247043706,0.1763731184100936,0,0,8.793987621573828,19.249708955963715,GSK3A
GO_Biological_Process_2021,positive regulation of proteasomal ubiquitin-dependent protein catabolic process (GO:0032436),1/79,0.1120329247043706,0.1763731184100936,0,0,8.793987621573828,19.249708955963715,GSK3A
GO_Biological_Process_2021,regulation of protein localization to plasma membrane (GO:1903076),1/80,0.1133701552568414,0.1770561787278161,0,0,8.682234831951114,18.9020683044028,PLS1
GO_Biological_Process_2021,skin development (GO:0043588),1/80,0.1133701552568414,0.1770561787278161,0,0,8.682234831951114,18.9020683044028,RYR1
GO_Biological_Process_2021,regulation of cyclin-dependent protein serine/threonine kinase activity (GO:0000079),1/82,0.1160387787872419,0.1790834696244049,0,0,8.46700723712218,18.236501342427736,CDK7
GO_Biological_Process_2021,positive regulation of cytoskeleton organization (GO:0051495),1/82,0.1160387787872419,0.1790834696244049,0,0,8.46700723712218,18.236501342427736,PTK2B
GO_Biological_Process_2021,positive regulation of protein ubiquitination (GO:0031398),1/82,0.1160387787872419,0.1790834696244049,0,0,8.46700723712218,18.236501342427736,GSK3A
GO_Biological_Process_2021,positive regulation of endothelial cell migration (GO:0010595),1/86,0.1213527522063146,0.1815659498659364,0,0,8.066937119675456,17.0136033150249,PTK2B
GO_Biological_Process_2021,positive regulation of proteasomal protein catabolic process (GO:1901800),1/86,0.1213527522063146,0.1815659498659364,0,0,8.066937119675456,17.0136033150249,GSK3A
GO_Biological_Process_2021,nuclear export (GO:0051168),1/84,0.1186996371705696,0.1815659498659364,0,0,8.26215205650187,17.607959996023958,NPAP1
GO_Biological_Process_2021,response to insulin (GO:0032868),1/84,0.1186996371705696,0.1815659498659364,0,0,8.26215205650187,17.607959996023958,GSK3A
GO_Biological_Process_2021,negative regulation of cellular amide metabolic process (GO:0034249),1/86,0.1213527522063146,0.1815659498659364,0,0,8.066937119675456,17.0136033150249,FXR1
GO_Biological_Process_2021,regulation of Ras protein signal transduction (GO:0046578),1/86,0.1213527522063146,0.1815659498659364,0,0,8.066937119675456,17.0136033150249,RASAL3
GO_Biological_Process_2021,G1/S transition of mitotic cell cycle (GO:0000082),1/85,0.1200271612483068,0.1815659498659364,0,0,8.163382594417078,17.306674925558667,CDK7
GO_Biological_Process_2021,positive regulation of protein catabolic process (GO:0045732),1/85,0.1200271612483068,0.1815659498659364,0,0,8.163382594417078,17.306674925558667,GSK3A
Reactome_2022,Unfolded Protein Response (UPR) R-HSA-381119,1/89,0.1253179535566854,0.1835464976335291,0,0,7.790752351097178,16.18062246106182,GSK3A
GO_Biological_Process_2021,metal ion transport (GO:0030001),1/88,0.1239981456512226,0.1848185288793888,0,0,7.880697582243361,16.45086689819455,RYR1
GO_Biological_Process_2021,"regulation of mRNA splicing, via spliceosome (GO:0048024)",1/90,0.1266358392018219,0.1850815781165543,0,0,7.702828361100349,15.917430476118057,FXR1
GO_Biological_Process_2021,regulation of endothelial cell migration (GO:0010594),1/89,0.1253179535566854,0.1850815781165543,0,0,7.790752351097178,16.18062246106182,PTK2B
GO_Biological_Process_2021,negative regulation of translation (GO:0017148),1/90,0.1266358392018219,0.1850815781165543,0,0,7.702828361100349,15.917430476118057,FXR1
GO_Biological_Process_2021,protein import (GO:0017038),1/89,0.1253179535566854,0.1850815781165543,0,0,7.790752351097178,16.18062246106182,NPAP1
GO_Biological_Process_2021,positive regulation of supramolecular fiber organization (GO:1902905),1/91,0.1279518052795566,0.1850815781165543,0,0,7.616858237547893,15.661034464173188,PTK2B
GO_Biological_Process_2021,regulation of actin cytoskeleton organization (GO:0032956),1/91,0.1279518052795566,0.1850815781165543,0,0,7.616858237547893,15.661034464173188,PTK2B
GO_Biological_Process_2021,positive regulation of transport (GO:0051050),1/91,0.1279518052795566,0.1850815781165543,0,0,7.616858237547893,15.661034464173188,GSK3A
GO_Biological_Process_2021,positive regulation of autophagy (GO:0010508),1/90,0.1266358392018219,0.1850815781165543,0,0,7.702828361100349,15.917430476118057,GSK3A
GO_Biological_Process_2021,retinoid metabolic process (GO:0001523),1/92,0.1292658545119819,0.1862949079731505,0,0,7.532777567260326,15.411189911294056,RBP3
GO_Biological_Process_2021,visual perception (GO:0007601),1/93,0.130577989553445,0.1874966003844338,0,0,7.450524737631184,15.167663594496686,RBP3
GO_Biological_Process_2021,positive regulation of epithelial cell migration (GO:0010634),1/94,0.1318882131320392,0.1880006529009432,0,0,7.370040786058584,14.930232938854378,PTK2B
GO_Biological_Process_2021,negative regulation of cellular protein metabolic process (GO:0032269),1/94,0.1318882131320392,0.1880006529009432,0,0,7.370040786058584,14.930232938854378,FXR1
GO_Biological_Process_2021,sensory perception of light stimulus (GO:0050953),1/95,0.1331965279231108,0.1891776773400704,0,0,7.291269258987527,14.698685432239005,RBP3
Reactome_2022,VEGFA-VEGFR2 Pathway R-HSA-4420097,1/93,0.130577989553445,0.1893380848524952,0,0,7.450524737631184,15.167663594496686,PTK2B
GO_Biological_Process_2021,regulation of neuron apoptotic process (GO:0043523),1/98,0.1371100464027112,0.1933350294599381,0,0,7.064699608958407,14.037356193959155,PTK2B
GO_Biological_Process_2021,negative regulation of neuron death (GO:1901215),1/98,0.1371100464027112,0.1933350294599381,0,0,7.064699608958407,14.037356193959155,PTK2B
GO_Biological_Process_2021,positive regulation of stress-activated MAPK cascade (GO:0032874),1/99,0.1384107528555566,0.1944695882414989,0,0,6.992258972554539,13.82739870293458,PTK2B
Reactome_2022,Visual Phototransduction R-HSA-2187338,1/98,0.1371100464027112,0.1947873727714621,0,0,7.064699608958407,14.037356193959155,RBP3
Reactome_2022,Stimuli-sensing Channels R-HSA-2672351,1/100,0.1397095639188418,0.1947873727714621,0,0,6.921281783350749,13.622394510819325,RYR1
Reactome_2022,Cellular Response To Heat Stress R-HSA-3371556,1/99,0.1384107528555566,0.1947873727714621,0,0,6.992258972554539,13.82739870293458,COL4A6
Reactome_2022,RUNX1 Regulates Transcription Of Genes Involved In Differentiation Of HSCs R-HSA-8939236,1/98,0.1371100464027112,0.1947873727714621,0,0,7.064699608958407,14.037356193959155,CDK7
GO_Biological_Process_2021,positive regulation of translation (GO:0045727),1/100,0.1397095639188418,0.1955933894863785,0,0,6.921281783350749,13.622394510819325,FXR1
GO_Biological_Process_2021,positive regulation of protein localization to membrane (GO:1905477),1/101,0.1410064822198498,0.1964161693879091,0,0,6.8517241379310345,13.422181001815328,PLS1
GO_Biological_Process_2021,regulation of protein catabolic process (GO:0042176),1/102,0.1423015104749137,0.1964161693879091,0,0,6.783543871628543,13.226602405790088,GSK3A
GO_Biological_Process_2021,regulation of proteasomal ubiquitin-dependent protein catabolic process (GO:0032434),1/102,0.1423015104749137,0.1964161693879091,0,0,6.783543871628543,13.226602405790088,GSK3A
GO_Biological_Process_2021,positive regulation of cellular protein metabolic process (GO:0032270),1/102,0.1423015104749137,0.1964161693879091,0,0,6.783543871628543,13.226602405790088,FXR1
Reactome_2022,Signaling By VEGF R-HSA-194138,1/102,0.1423015104749137,0.1965116097034523,0,0,6.783543871628543,13.226602405790088,PTK2B
KEGG_2021_Human,Calcium signaling pathway,2/240,0.0500581730621325,0.1992197117013781,0,0,5.921968787515006,17.733747043580514,RYR1;PTK2B
KEGG_2021_Human,Salmonella infection,2/249,0.0534491909442721,0.1992197117013781,0,0,5.703585887796415,16.705938686983604,AHNAK;VPS41
GO_Biological_Process_2021,regulation of JNK cascade (GO:0046328),1/105,0.1461752814085876,0.2000187133786947,0,0,6.586870026525199,12.666213943509506,PTK2B
GO_Biological_Process_2021,RNA export from nucleus (GO:0006405),1/106,0.147462775934803,0.2000187133786947,0,0,6.523809523809524,12.487742462791424,NPAP1
GO_Biological_Process_2021,protein localization to nucleus (GO:0034504),1/106,0.147462775934803,0.2000187133786947,0,0,6.523809523809524,12.487742462791424,NPAP1
GO_Biological_Process_2021,cellular response to peptide hormone stimulus (GO:0071375),1/106,0.147462775934803,0.2000187133786947,0,0,6.523809523809524,12.487742462791424,GSK3A
GO_Biological_Process_2021,nucleotide-excision repair (GO:0006289),1/105,0.1461752814085876,0.2000187133786947,0,0,6.586870026525199,12.666213943509506,CDK7
GO_Biological_Process_2021,response to calcium ion (GO:0051592),1/107,0.1487483936763554,0.2010667942107977,0,0,6.461938841899805,12.31321821731818,RYR1
Reactome_2022,"PI5P, PP2A And IER3 Regulate PI3K/AKT Signaling R-HSA-6811558",1/106,0.147462775934803,0.2017179482127022,0,0,6.523809523809524,12.487742462791424,RNMT
GO_Biological_Process_2021,modulation of chemical synaptic transmission (GO:0050804),1/109,0.1513140092641029,0.2031338754504395,0,0,6.341634738186462,11.975530799282826,RELN
GO_Biological_Process_2021,regulation of protein ubiquitination (GO:0031396),1/109,0.1513140092641029,0.2031338754504395,0,0,6.341634738186462,11.975530799282826,GSK3A
Reactome_2022,Nucleotide Excision Repair R-HSA-5696398,1/108,0.1500321372358647,0.2033145784971999,0,0,6.401224621334193,12.142519852667972,CDK7
GO_Biological_Process_2021,regulation of protein serine/threonine kinase activity (GO:0071900),1/111,0.1538721492906634,0.2058630802796589,0,0,6.225705329153605,11.652236916869368,CDK7
GO_Biological_Process_2021,protein-containing complex subunit organization (GO:0043933),1/112,0.1551484225344114,0.2068645633792152,0,0,6.169307238272755,11.495720878882548,PTK2B
GO_Biological_Process_2021,positive regulation of cellular component organization (GO:0051130),1/114,0.1576953885966523,0.2088398389523234,0,0,6.059505645407385,11.192452446545069,RELN
GO_Biological_Process_2021,activation of protein kinase activity (GO:0032147),1/114,0.1576953885966523,0.2088398389523234,0,0,6.059505645407385,11.192452446545069,PTK2B
GO_Biological_Process_2021,positive regulation of protein metabolic process (GO:0051247),1/115,0.1589660866796708,0.209109751605473,0,0,6.00604960677556,11.045511961406842,GSK3A
GO_Biological_Process_2021,calcium ion transport (GO:0006816),1/115,0.1589660866796708,0.209109751605473,0,0,6.00604960677556,11.045511961406842,RYR1
Reactome_2022,Negative Regulation Of PI3K/AKT Network R-HSA-199418,1/113,0.1564228347708119,0.2100121392756271,0,0,6.113916256157635,11.34249133434297,RNMT
GO_Biological_Process_2021,tumor necrosis factor-mediated signaling pathway (GO:0033209),1/116,0.1602349315662659,0.2100738902139673,0,0,5.95352323838081,10.901581051315937,PTK2B
GO_Biological_Process_2021,positive regulation of gene expression (GO:0010628),2/482,0.1625406447785722,0.2123864425106676,0,0,2.900297619047619,5.269339564019515,FXR1;GSK3A
Reactome_2022,Epigenetic Regulation Of Gene Expression R-HSA-212165,1/116,0.1602349315662659,0.2131565603404454,0,0,5.95352323838081,10.901581051315937,CDK7
KEGG_2021_Human,Basal transcription factors,1/45,0.0653889820318286,0.2150831303307181,0,0,15.615987460815049,42.59106770539062,CDK7
KEGG_2021_Human,Nucleotide excision repair,1/47,0.0681970901048618,0.2150831303307181,0,0,14.93553223388306,40.10718199812654,CDK7
GO_Biological_Process_2021,macroautophagy (GO:0016236),1/120,0.1652918316722015,0.215263780782402,0,0,5.752245725876557,10.354287873096176,VPS41
GO_Biological_Process_2021,protein homooligomerization (GO:0051260),1/121,0.166551449837356,0.2161859878683561,0,0,5.704022988505747,10.224181762604308,RYR1
GO_Biological_Process_2021,regulation of mRNA catabolic process (GO:0061013),1/122,0.1678092304407957,0.2170997304712605,0,0,5.656597321174123,10.096615989840982,FXR1
Reactome_2022,Cell-Cell Communication R-HSA-1500931,1/120,0.1652918316722015,0.2178846872042657,0,0,5.752245725876557,10.354287873096176,PTK2B
Reactome_2022,Regulation Of IGF Transport And Uptake By IGFBPs R-HSA-381426,1/123,0.1690651760608406,0.220850905665062,0,0,5.609949123798756,9.971521773790307,IGFALS
GO_Biological_Process_2021,negative regulation of cell growth (GO:0030308),1/126,0.1728220289630276,0.2228494583996935,0,0,5.47448275862069,9.610415878416694,GSK3A
Reactome_2022,Cardiac Conduction R-HSA-5576891,1/126,0.1728220289630276,0.2237428053539197,0,0,5.47448275862069,9.610415878416694,RYR1
GO_Biological_Process_2021,muscle contraction (GO:0006936),1/129,0.1765624599692897,0.2254478316220246,0,0,5.345366379310345,9.269296054674214,RYR1
GO_Biological_Process_2021,positive regulation of macromolecule biosynthetic process (GO:0010557),1/129,0.1765624599692897,0.2254478316220246,0,0,5.345366379310345,9.269296054674214,FXR1
GO_Biological_Process_2021,cellular response to insulin stimulus (GO:0032869),1/129,0.1765624599692897,0.2254478316220246,0,0,5.345366379310345,9.269296054674214,GSK3A
GO_Biological_Process_2021,G2/M transition of mitotic cell cycle (GO:0000086),1/130,0.1778056329710841,0.2262980783268343,0,0,5.303662122427158,9.159765377794972,CDK7
GO_Biological_Process_2021,cellular response to metal ion (GO:0071248),1/131,0.1790469915916031,0.2264078087222852,0,0,5.262599469496021,9.052234105349967,RYR1
GO_Biological_Process_2021,cell cycle G2/M phase transition (GO:0044839),1/131,0.1790469915916031,0.2264078087222852,0,0,5.262599469496021,9.052234105349967,CDK7
Reactome_2022,G1/S Transition R-HSA-69206,1/129,0.1765624599692897,0.2265624486331593,0,0,5.345366379310345,9.269296054674214,CDK7
GO_Biological_Process_2021,regulation of cell adhesion (GO:0030155),1/133,0.1815242758910291,0.2288023027308149,0,0,5.182340647857889,8.842969274321403,PTK2B
Reactome_2022,Axon Guidance R-HSA-422475,2/519,0.1823591310415024,0.2319480175527882,0,0,2.6876208897485494,4.573732190863713,RELN;RNMT
GO_Biological_Process_2021,cellular calcium ion homeostasis (GO:0006874),1/136,0.1852266582034091,0.2327206731273602,0,0,5.066411238825032,8.542856093971833,RYR1
GO_Biological_Process_2021,regulation of cellular component organization (GO:0051128),1/139,0.1889128485992056,0.2365937273191329,0,0,4.95552223888056,8.258226612129908,STK38L
GO_Biological_Process_2021,transcription initiation from RNA polymerase II promoter (GO:0006367),1/140,0.1901379923342801,0.2366161682382153,0,0,4.919622922351774,8.16659960848822,CDK7
GO_Biological_Process_2021,enzyme linked receptor protein signaling pathway (GO:0007167),1/140,0.1901379923342801,0.2366161682382153,0,0,4.919622922351774,8.16659960848822,PTK2B
GO_Biological_Process_2021,positive regulation of cellular catabolic process (GO:0031331),1/141,0.1913613470944011,0.2366361137571143,0,0,4.884236453201971,8.07653319521709,GSK3A
GO_Biological_Process_2021,regulation of small GTPase mediated signal transduction (GO:0051056),1/141,0.1913613470944011,0.2366361137571143,0,0,4.884236453201971,8.07653319521709,RELN
GO_Biological_Process_2021,protein-DNA complex assembly (GO:0065004),1/143,0.1938026997849468,0.238901441244337,0,0,4.814958717824187,7.900936293655021,CDK7
GO_Biological_Process_2021,regulation of mRNA stability (GO:0043488),1/146,0.1974513744361394,0.2426361717208985,0,0,4.714625445897741,7.64836209132287,FXR1
GO_Biological_Process_2021,positive regulation of intracellular protein transport (GO:0090316),1/148,0.1998749505336224,0.2433260267365839,0,0,4.650011728829463,7.486813486371484,GSK3A
GO_Biological_Process_2021,positive regulation of transferase activity (GO:0051347),1/148,0.1998749505336224,0.2433260267365839,0,0,4.650011728829463,7.486813486371484,GSK3A
GO_Biological_Process_2021,regulation of cytosolic calcium ion concentration (GO:0051480),1/148,0.1998749505336224,0.2433260267365839,0,0,4.650011728829463,7.486813486371484,RYR1
GO_Biological_Process_2021,brain development (GO:0007420),1/150,0.2022914510324489,0.245505414256099,0,0,4.587132608192548,7.330447973621347,RELN
GO_Biological_Process_2021,actin filament organization (GO:0007015),1/152,0.2047008959060848,0.2476628123308187,0,0,4.525919159625485,7.179037454618381,PLS1
Reactome_2022,Nervous System Development R-HSA-9675108,2/545,0.1965090077752498,0.2477722271948802,0,0,2.555511707445409,4.15793767655756,RELN;RNMT
Reactome_2022,Mitotic G1 Phase And G1/S Transition R-HSA-453279,1/147,0.1986640481617168,0.2483300602021459,0,0,4.682097307510628,7.566925122118201,CDK7
KEGG_2021_Human,Long-term depression,1/60,0.0862519938757385,0.2525951249218056,0,0,11.637054354178844,28.516393460743195,RYR1
GO_Biological_Process_2021,peptidyl-serine phosphorylation (GO:0018105),1/156,0.2094986982516284,0.2526876606604256,0,0,4.4082313681868746,6.890232053472163,STK38L
GO_Biological_Process_2021,cellular response to starvation (GO:0009267),1/158,0.211887095338983,0.2547844827388998,0,0,4.351636283768944,6.752441486021709,VPS41
GO_Biological_Process_2021,protein autophosphorylation (GO:0046777),1/159,0.2130786765097357,0.2554337651125883,0,0,4.323876036665212,6.685117967665248,PTK2B
KEGG_2021_Human,Yersinia infection,1/137,0.1864571840617326,0.25812174523241,0,0,5.028904665314402,8.446315147566118,PTK2B
KEGG_2021_Human,Dopaminergic synapse,1/132,0.1802865383685196,0.25812174523241,0,0,5.222163727296657,8.946651703406395,GSK3A
KEGG_2021_Human,Apelin signaling pathway,1/137,0.1864571840617326,0.25812174523241,0,0,5.028904665314402,8.446315147566118,RYR1
KEGG_2021_Human,Pathways in cancer,2/531,0.1888695696822512,0.25812174523241,0,0,2.6250337564137185,4.375140112119021,LAMC3;COL4A6
KEGG_2021_Human,Natural killer cell mediated cytotoxicity,1/131,0.1790469915916031,0.25812174523241,0,0,5.262599469496021,9.052234105349967,PTK2B
KEGG_2021_Human,Estrogen signaling pathway,1/137,0.1864571840617326,0.25812174523241,0,0,5.028904665314402,8.446315147566118,KRT17
KEGG_2021_Human,Relaxin signaling pathway,1/129,0.1765624599692897,0.25812174523241,0,0,5.345366379310345,9.269296054674214,COL4A6
KEGG_2021_Human,Leukocyte transendothelial migration,1/114,0.1576953885966523,0.25812174523241,0,0,6.059505645407385,11.192452446545069,PTK2B
KEGG_2021_Human,Cell cycle,1/124,0.1703192893145684,0.25812174523241,0,0,5.5640594336977856,9.848832720808518,CDK7
KEGG_2021_Human,"Growth hormone synthesis, secretion and action",1/119,0.1640303733701603,0.25812174523241,0,0,5.801285797779077,10.487005597367974,IGFALS
KEGG_2021_Human,Toxoplasmosis,1/112,0.1551484225344114,0.25812174523241,0,0,6.169307238272755,11.495720878882548,LAMC3
KEGG_2021_Human,Circadian entrainment,1/97,0.135807441882233,0.25812174523241,0,0,7.1386494252873565,14.2524368267114,RYR1
KEGG_2021_Human,mRNA surveillance pathway,1/98,0.1371100464027112,0.25812174523241,0,0,7.064699608958407,14.037356193959155,RNMT
KEGG_2021_Human,AGE-RAGE signaling pathway in diabetic complications,1/100,0.1397095639188418,0.25812174523241,0,0,6.921281783350749,13.622394510819325,COL4A6
KEGG_2021_Human,Staphylococcus aureus infection,1/95,0.1331965279231108,0.25812174523241,0,0,7.291269258987527,14.698685432239005,KRT17
KEGG_2021_Human,GnRH signaling pathway,1/93,0.130577989553445,0.25812174523241,0,0,7.450524737631184,15.167663594496686,PTK2B
KEGG_2021_Human,Non-alcoholic fatty liver disease,1/155,0.2083018774030301,0.2587993022280071,0,0,4.437080161218092,6.960744568453372,GSK3A
KEGG_2021_Human,Phospholipase D signaling pathway,1/148,0.1998749505336224,0.2587993022280071,0,0,4.650011728829463,7.486813486371484,PTK2B
KEGG_2021_Human,Oxytocin signaling pathway,1/154,0.2071033050371711,0.2587993022280071,0,0,4.466306062654947,7.032366614617934,RYR1
KEGG_2021_Human,Hepatitis B,1/162,0.2166429800184552,0.261245946492843,0,0,4.242664382094667,6.4891744075022295,PTK2B
GO_Biological_Process_2021,heart development (GO:0007507),1/164,0.2190105068819787,0.2617442643223648,0,0,4.190184049079755,6.363362557225996,CRELD1
GO_Biological_Process_2021,negative regulation of canonical Wnt signaling pathway (GO:0090090),1/165,0.2201916750456013,0.2623560383522058,0,0,4.164423885618167,6.301843020108367,GSK3A
Reactome_2022,Developmental Biology R-HSA-1266738,3/1073,0.2161016584610195,0.2655486481088799,0,0,1.9626168224299063,3.006741416899172,RELN;KRT17;RNMT
Reactome_2022,S Phase R-HSA-69242,1/161,0.2154566163787052,0.2655486481088799,0,0,4.269396551724138,6.553505373310399,CDK7
GO_Biological_Process_2021,"DNA-templated transcription, initiation (GO:0006352)",1/168,0.2237248276023687,0.2657579770306926,0,0,4.088994424943217,6.1226084945342665,CDK7
GO_Biological_Process_2021,peptidyl-serine modification (GO:0018209),1/169,0.2248991025993728,0.266345765011946,0,0,4.064449917898194,6.064579583267902,STK38L
GO_Biological_Process_2021,positive regulation of ERK1 and ERK2 cascade (GO:0070374),1/172,0.2284116340616737,0.2696908450366749,0,0,3.9925388183101433,5.895406236454071,PTK2B
GO_Biological_Process_2021,positive regulation of developmental process (GO:0051094),1/177,0.2342316864153678,0.2757321954198924,0,0,3.878134796238245,5.628897577620567,RELN
GO_Biological_Process_2021,regulation of translation (GO:0006417),1/178,0.235390593565183,0.2762668044238076,0,0,3.856029612312488,5.577781709378128,FXR1
GO_Biological_Process_2021,protein stabilization (GO:0050821),1/179,0.2365478052048684,0.276796237732264,0,0,3.8341728012398297,5.52736250975957,CDK7
GO_Biological_Process_2021,positive regulation of cellular biosynthetic process (GO:0031328),1/180,0.2377033237400038,0.2773205443633378,0,0,3.812560200346754,5.477626943599837,FXR1
GO_Biological_Process_2021,positive regulation of cellular process (GO:0048522),2/625,0.2408370470893518,0.2801427966143202,0,0,2.218183902774593,3.1578836356216717,FXR1;PTK2B
Reactome_2022,Ion Channel Transport R-HSA-983712,1/175,0.231908776011473,0.2825779203501142,0,0,3.923107411811336,5.733273077034567,RYR1
Reactome_2022,Sensory Perception R-HSA-9709957,2/616,0.2358078032002073,0.2849344288669172,0,0,2.2517449976733364,3.2531820124879665,RBP3;PLS1
KEGG_2021_Human,RNA transport,1/186,0.2446010133996292,0.2865326156967085,0,0,3.6877912395153776,5.192878092590616,FXR1
Reactome_2022,G2/M Transition R-HSA-69275,1/182,0.2400092910579399,0.2876144396975313,0,0,3.770051438369213,5.380156123099872,CDK7
Reactome_2022,Mitotic G2-G2/M Phases R-HSA-453274,1/184,0.2423085145700881,0.2879896279726457,0,0,3.728471829658941,5.285271048697871,CDK7
GO_Biological_Process_2021,negative regulation of cell differentiation (GO:0045596),1/191,0.2503029641829888,0.289435875987409,0,0,3.58983666061706,4.972222586114594,PTK2B
GO_Biological_Process_2021,negative regulation of Wnt signaling pathway (GO:0030178),1/191,0.2503029641829888,0.289435875987409,0,0,3.58983666061706,4.972222586114594,GSK3A
GO_Biological_Process_2021,cellular response to tumor necrosis factor (GO:0071356),1/194,0.253704140329371,0.2925059500268042,0,0,3.533500089333572,4.846500994573908,PTK2B
GO_Biological_Process_2021,negative regulation of intracellular signal transduction (GO:1902532),1/198,0.2582158467438044,0.2968346390720566,0,0,3.4610537370908454,4.686126340024527,GSK3A
Reactome_2022,SARS-CoV-2-host Interactions R-HSA-9705683,1/196,0.2559632992872376,0.2993119225536246,0,0,3.496905393457117,4.765307138323869,VPS41
Reactome_2022,Muscle Contraction R-HSA-397014,1/196,0.2559632992872376,0.2993119225536246,0,0,3.496905393457117,4.765307138323869,RYR1
GO_Biological_Process_2021,generation of neurons (GO:0048699),1/202,0.2627011816096694,0.3011077871081591,0,0,3.3914908217533024,4.53353494418687,RELN
GO_Biological_Process_2021,axon guidance (GO:0007411),1/203,0.2638184122405329,0.3015067568463233,0,0,3.374530556503926,4.496542545859288,RELN
GO_Biological_Process_2021,proteasomal protein catabolic process (GO:0010498),1/205,0.2660479660472825,0.3031709380538801,0,0,3.341108857336038,4.423890948661195,GSK3A
Reactome_2022,Metabolism Of RNA R-HSA-8953854,2/666,0.2638214057749499,0.3048843723269339,0,0,2.0768072289156625,2.767310115050465,CDK7;RNMT
Reactome_2022,Transcriptional Regulation By RUNX1 R-HSA-8878171,1/204,0.2649340062978874,0.3048843723269339,0,0,3.357737387463904,4.459997006035752,CDK7
GO_Biological_Process_2021,mitotic cell cycle phase transition (GO:0044772),1/209,0.27048750843,0.3073365313175653,0,0,3.276193633952255,4.283719369756628,CDK7
Reactome_2022,Keratinization R-HSA-6805567,1/208,0.2693800627271472,0.307559914137294,0,0,3.2921872397134764,4.31813821246098,KRT17
GO_Biological_Process_2021,positive regulation of protein modification process (GO:0031401),1/214,0.2760004415862119,0.3117930060570463,0,0,3.1984782256758946,4.117569942154547,FXR1
GO_Biological_Process_2021,negative regulation of multicellular organismal process (GO:0051241),1/214,0.2760004415862119,0.3117930060570463,0,0,3.1984782256758946,4.117569942154547,GSK3A
KEGG_2021_Human,Human immunodeficiency virus 1 infection,1/212,0.2738001182358673,0.3118279124352934,0,0,3.2291224056218337,4.182866099809307,PTK2B
GO_Biological_Process_2021,cellular response to lipid (GO:0071396),1/219,0.2814730919550253,0.3170616438114078,0,0,3.124327744384688,3.960767844335918,PTK2B
GO_Biological_Process_2021,positive regulation of cell motility (GO:2000147),1/221,0.283650936655944,0.3185993328628368,0,0,3.095611285266458,3.900503940118756,PTK2B
KEGG_2021_Human,Ras signaling pathway,1/232,0.2955154938047619,0.3188456643682957,0,0,2.9465591879384982,3.5919558655424773,RASAL3
KEGG_2021_Human,Human cytomegalovirus infection,1/225,0.2879874992379993,0.3188456643682957,0,0,3.039716748768473,3.783955541889337,PTK2B
KEGG_2021_Human,Shigellosis,1/246,0.3103413436693897,0.326256284370384,0,0,2.7762139338494016,3.2483992810296334,GSK3A
GO_Biological_Process_2021,regulation of autophagy (GO:0010506),1/231,0.2944447961037839,0.3297781716362379,0,0,2.95952023988006,3.618498094047231,GSK3A
Reactome_2022,Cellular Responses To Stress R-HSA-2262752,2/722,0.2952803155934846,0.3344972325082443,0,0,1.9097222222222223,2.329536747593212,GSK3A;COL4A6
GO_Biological_Process_2021,regulation of ERK1 and ERK2 cascade (GO:0070372),1/238,0.3019067727154781,0.3371722361950639,0,0,2.871089771569911,3.438523366255912,PTK2B
GO_Biological_Process_2021,axonogenesis (GO:0007409),1/240,0.3040247159766717,0.3385729791558389,0,0,2.846775357091329,3.389502484150812,RELN
Reactome_2022,Cellular Responses To Stimuli R-HSA-8953897,2/736,0.3031344929727039,0.3407325696204811,0,0,1.871934604904632,2.2343012736248955,GSK3A;COL4A6
Reactome_2022,Signal Transduction R-HSA-162582,5/2465,0.3079595261949991,0.3434933176790374,0,0,1.4235772357723575,1.6766706380814722,GSK3A;LAMC3;RNMT;PTK2B;RASAL3
GO_Biological_Process_2021,positive regulation of DNA-binding transcription factor activity (GO:0051091),1/246,0.3103413436693897,0.3446283476441948,0,0,2.7762139338494016,3.2483992810296334,RELN
KEGG_2021_Human,Prion disease,1/273,0.3380869067508666,0.3465390794196382,0,0,2.497210953346856,2.7081061519140195,RYR1
GO_Biological_Process_2021,positive regulation of phosphorylation (GO:0042327),1/253,0.3176407117328244,0.350746926758499,0,0,2.6981390257252325,3.0943185758579625,FXR1
GO_Biological_Process_2021,regulation of canonical Wnt signaling pathway (GO:0060828),1/253,0.3176407117328244,0.350746926758499,0,0,2.6981390257252325,3.0943185758579625,GSK3A
GO_Biological_Process_2021,protein-containing complex assembly (GO:0065003),1/267,0.3320160624034503,0.3635483141400908,0,0,2.5543168265491314,2.81631803456374,PTK2B
GO_Biological_Process_2021,negative regulation of signal transduction (GO:0009968),1/267,0.3320160624034503,0.3635483141400908,0,0,2.5543168265491314,2.81631803456374,GSK3A
GO_Biological_Process_2021,regulation of protein phosphorylation (GO:0001932),1/266,0.3309990361455484,0.3635483141400908,0,0,2.5640858815875083,2.834955441188919,FXR1
GO_Biological_Process_2021,central nervous system development (GO:0007417),1/268,0.3330315940163099,0.3636445260568063,0,0,2.54462094795299,2.797856323169855,RELN
GO_Biological_Process_2021,positive regulation of cell migration (GO:0030335),1/269,0.3340456331382016,0.3637385783060417,0,0,2.5349974266598045,2.77956806975024,PTK2B
GO_Biological_Process_2021,positive regulation of MAPK cascade (GO:0043410),1/274,0.3390935149607164,0.368212348655404,0,0,2.487937350006316,2.6906528788272395,PTK2B
GO_Biological_Process_2021,regulation of cell cycle (GO:0051726),1/296,0.3608681872699808,0.3907743906348963,0,0,2.299824663939217,2.3440790849791022,CDK7
GO_Biological_Process_2021,MAPK cascade (GO:0000165),1/303,0.3676498665444704,0.3959306255094297,0,0,2.245718200502398,2.247120075123838,RASAL3
GO_Biological_Process_2021,innate immune response (GO:0045087),1/302,0.3666853317365104,0.3959306255094297,0,0,2.253293618971245,2.260619539405869,PTK2B
GO_Biological_Process_2021,cellular response to oxygen-containing compound (GO:1901701),1/323,0.3866450131992305,0.4129832293572162,0,0,2.1040908117369885,1.9994086863151697,PTK2B
GO_Biological_Process_2021,negative regulation of gene expression (GO:0010629),1/322,0.3857084997395333,0.4129832293572162,0,0,2.1107530346976047,2.0108582212255,FXR1
GO_Biological_Process_2021,proteasome-mediated ubiquitin-dependent protein catabolic process (GO:0043161),1/321,0.3847706040277038,0.4129832293572162,0,0,2.117456896551724,2.0223999283160023,GSK3A
Reactome_2022,DNA Repair R-HSA-73894,1/310,0.374361960883141,0.4143701093744691,0,0,2.1940631625934603,2.1557375738800304,CDK7
GO_Biological_Process_2021,intracellular protein transport (GO:0006886),1/336,0.3986947992818617,0.4246966340176353,0,0,2.0211013896037056,1.8585221119135495,NPAP1
GO_Biological_Process_2021,ubiquitin-dependent protein catabolic process (GO:0006511),1/354,0.4150019802043119,0.4408693123037676,0,0,1.916284067597929,1.685318156943543,GSK3A
Reactome_2022,Transcriptional Regulation By TP53 R-HSA-3700989,1/354,0.4150019802043119,0.4558733873456456,0,0,1.916284067597929,1.685318156943543,CDK7
GO_Biological_Process_2021,negative regulation of cell population proliferation (GO:0008285),1/379,0.4369433329169367,0.4629237473065924,0,0,1.7872650976099251,1.4797692925425834,PTK2B
GO_Biological_Process_2021,negative regulation of programmed cell death (GO:0043069),1/381,0.4386638551010797,0.463493884635103,0,0,1.7776769509981851,1.4648446767593672,PTK2B
GO_Biological_Process_2021,positive regulation of macromolecule metabolic process (GO:0010604),1/384,0.4412351129903484,0.4649574308930553,0,0,1.7634824885207527,1.4428415342786935,GSK3A
GO_Biological_Process_2021,regulation of cell migration (GO:0030334),1/408,0.461399306233155,0.4849022199554874,0,0,1.6574599678047954,1.2820310920289546,PTK2B
GO_Biological_Process_2021,cellular protein metabolic process (GO:0044267),1/417,0.468778016666567,0.4913395254900916,0,0,1.6208554376657824,1.2280021158048111,IGFALS
GO_Biological_Process_2021,organelle organization (GO:0006996),1/420,0.471215799760891,0.4925775826833847,0,0,1.6090033742078842,1.2106770770210449,HPS3
GO_Biological_Process_2021,regulation of gene expression (GO:0010468),2/1079,0.4866638257299351,0.5073729246971664,0,0,1.2530176415970289,0.9024003633593554,GSK3A;AHNAK
GO_Biological_Process_2021,nervous system development (GO:0007399),1/447,0.4926746576370475,0.5122770975960812,0,0,1.5095098190814906,1.068591429993342,RELN
KEGG_2021_Human,Pathways of neurodegeneration,1/475,0.5140383488093071,0.5140383488093071,0,0,1.4183035064746108,0.9438205747952828,RYR1
GO_Biological_Process_2021,negative regulation of nucleic acid-templated transcription (GO:1903507),1/464,0.5057512759377615,0.524482804676197,0,0,1.4528189468980413,0.9904016111879292,ZNF318
GO_Biological_Process_2021,positive regulation of cell population proliferation (GO:0008284),1/474,0.5132905638900332,0.5308968365300607,0,0,1.4213749362105417,0.9479336968896638,PTK2B
Reactome_2022,RHO GTPase Cycle R-HSA-9012999,1/441,0.487980020953547,0.5320082935207843,0,0,1.530564263322884,1.098150494501718,PTK2B
GO_Biological_Process_2021,cellular response to cytokine stimulus (GO:0071345),1/482,0.5192418335935136,0.5356389441280457,0,0,1.3971610868162592,0.9156791784651676,GSK3A
GO_Biological_Process_2021,negative regulation of apoptotic process (GO:0043066),1/485,0.5214553733822651,0.5365105153959263,0,0,1.3882872613280135,0.9039576804263368,PTK2B
Reactome_2022,Signaling By Interleukins R-HSA-449147,1/453,0.4973276719072856,0.5381530778101224,0,0,1.489014342386329,1.0400857061433366,PTK2B
GO_Biological_Process_2021,"positive regulation of transcription, DNA-templated (GO:0045893)",2/1183,0.5368076047475587,0.5508601598456624,0,0,1.1363856296117092,0.7069631443952585,CDK7;ZNF318
GO_Biological_Process_2021,positive regulation of nucleic acid-templated transcription (GO:1903508),1/511,0.5402311336728811,0.5529258600516173,0,0,1.3157538877620014,0.8101862530453058,ZNF318
GO_Biological_Process_2021,positive regulation of intracellular signal transduction (GO:1902533),1/546,0.5643849840282161,0.576143004528804,0,0,1.2290414425814615,0.703034644664409,RELN
Reactome_2022,Generic Transcription Pathway R-HSA-212436,2/1190,0.5400685765463598,0.5800736562905346,0,0,1.1292688792688792,0.6956964302681709,CDK7;RNMT
Reactome_2022,"Cell Cycle, Mitotic R-HSA-69278",1/523,0.5486547656366174,0.5849628015978642,0,0,1.284713964856652,0.7711956496903204,CDK7
GO_Biological_Process_2021,negative regulation of cellular process (GO:0048523),1/566,0.577631539066439,0.5881339306858288,0,0,1.1843149221849252,0.6499746369755928,PTK2B
GO_Biological_Process_2021,cytokine-mediated signaling pathway (GO:0019221),1/621,0.6120829170439238,0.6215971592777673,0,0,1.0761957730812013,0.5282910743849782,PTK2B
Reactome_2022,RNA Polymerase II Transcription R-HSA-73857,2/1312,0.594487673759013,0.6292022824456707,0,0,1.0174482006543075,0.5291293260319787,CDK7;RNMT
Reactome_2022,Signaling By Rho GTPases R-HSA-194315,1/644,0.6256697866186934,0.657406659852975,0,0,1.0364669920094385,0.4860331038241977,PTK2B
Reactome_2022,Cell Cycle R-HSA-1640170,1/654,0.6314325698025224,0.6575221517618226,0,0,1.0200665364102022,0.4689899941878359,CDK7
Reactome_2022,"Signaling By Rho GTPases, Miro GTPases And RHOBTB3 R-HSA-9716542",1/660,0.6348489741148632,0.6575221517618226,0,0,1.0104651771231228,0.4591231875269304,PTK2B
GO_Biological_Process_2021,regulation of transcription by RNA polymerase II (GO:0006357),3/2206,0.6578903375568231,0.666390212719056,0,0,0.8961012760377264,0.3752128575284734,HMX3;CDK7;SP140
Reactome_2022,Gene Expression (Transcription) R-HSA-74160,2/1449,0.6500302601207323,0.6684708348759304,0,0,0.9143548227860598,0.3938458709901937,CDK7;RNMT
Reactome_2022,Transport Of Small Molecules R-HSA-382551,1/706,0.6600434146563043,0.6692747910850638,0,0,0.942284177060406,0.3914716469598281,RYR1
Reactome_2022,Cytokine Signaling In Immune System R-HSA-1280215,1/702,0.6579210770651522,0.6692747910850638,0,0,0.9478577401741356,0.3968398830337841,PTK2B
GO_Biological_Process_2021,"regulation of transcription, DNA-templated (GO:0006355)",3/2244,0.6697533995960937,0.6766580738187338,0,0,0.8790222618870543,0.3523522891809361,HMX3;SP140;ZNF318
GO_Biological_Process_2021,regulation of apoptotic process (GO:0042981),1/742,0.6785803102755313,0.6838135774498928,0,0,0.8948299129787333,0.3469724841713595,PTK2B
GO_Biological_Process_2021,regulation of cell population proliferation (GO:0042127),1/764,0.6894232864195916,0.6929587904525126,0,0,0.8680345279522755,0.322821908712225,PTK2B
GO_Biological_Process_2021,positive regulation of transcription by RNA polymerase II (GO:0045944),1/908,0.7521465625510657,0.7540702110486387,0,0,0.7247462266661597,0.2064251750787391,CDK7
GO_Biological_Process_2021,"negative regulation of transcription, DNA-templated (GO:0045892)",1/948,0.7672719512567207,0.7672719512567207,0,0,0.6926774205294396,0.1834999292713072,ZNF318
Reactome_2022,Immune System R-HSA-168256,1/1943,0.9534985810975372,0.9534985810975372,0,0,0.3201107993891828,0.0152428254258015,PTK2B
Reactome_2022,Metabolism Of Proteins R-HSA-392499,1/1890,0.9492213863456797,0.9534985810975372,0,0,0.3300596922290575,0.0172004745946697,IGFALS
